year,state_fips,state_name,total_pop,foreign_born,foreign_born_pct
2005,01,Alabama,4442558,120773,2.72
2005,02,Alaska,641724,34368,5.36
2005,04,Arizona,5829839,843296,14.47
2005,05,Arkansas,2701431,101169,3.75
2005,06,California,35278768,9611356,27.24
2005,08,Colorado,4562244,460294,10.09
2005,09,Connecticut,3394751,423254,12.47
2005,10,Delaware,818587,62867,7.68
2005,11,District of Columbia,515118,67717,13.15
2005,12,Florida,17382511,3212955,18.48
2005,13,Georgia,8821142,795419,9.02
2005,15,Hawaii,1238158,212404,17.15
2005,16,Idaho,1395634,76377,5.47
2005,17,Illinois,12440351,1695289,13.63
2005,18,Indiana,6093372,242281,3.98
2005,19,Iowa,2862541,103143,3.6
2005,20,Kansas,2662616,153535,5.77
2005,21,Kentucky,4058633,98798,2.43
2005,22,Louisiana,4389747,121590,2.77
2005,23,Maine,1283673,38727,3.02
2005,24,Maryland,5461318,641373,11.74
2005,25,Massachusetts,6182860,891184,14.41
2005,26,Michigan,9865583,605656,6.14
2005,27,Minnesota,4989848,316716,6.35
2005,28,Mississippi,2824156,43336,1.53
2005,29,Missouri,5631910,193735,3.44
2005,30,Montana,910651,16734,1.84
2005,31,Nebraska,1706976,96127,5.63
2005,32,Nevada,2381281,413298,17.36
2005,33,New Hampshire,1272486,72480,5.7
2005,34,New Jersey,8521427,1662857,19.51
2005,35,New Mexico,1887200,168640,8.94
2005,36,New York,18655275,3997268,21.43
2005,37,North Carolina,8411041,560753,6.67
2005,38,North Dakota,609645,11968,1.96
2005,39,Ohio,11155606,387216,3.47
2005,40,Oklahoma,3433496,155880,4.54
2005,41,Oregon,3560109,344575,9.68
2005,42,Pennsylvania,11979147,603674,5.04
2005,44,Rhode Island,1032662,130517,12.64
2005,45,South Carolina,4113961,170750,4.15
2005,46,South Dakota,746033,17269,2.31
2005,47,Tennessee,5810590,223118,3.84
2005,48,Texas,22270165,3542513,15.91
2005,49,Utah,2427350,192916,7.95
2005,50,Vermont,602290,21843,3.63
2005,51,Virginia,7332608,723667,9.87
2005,53,Washington,6146338,750258,12.21
2005,54,West Virginia,1771750,19302,1.09
2005,55,Wisconsin,5375751,227372,4.23
2005,56,Wyoming,495226,11235,2.27
2005,72,Puerto Rico,3865280,115683,2.99
2006,01,Alabama,4599030,130049,2.83
2006,02,Alaska,670053,47066,7.02
2006,04,Arizona,6166318,929083,15.07
2006,05,Arkansas,2810872,107346,3.82
2006,06,California,36457549,9902067,27.16
2006,08,Colorado,4753377,489496,10.3
2006,09,Connecticut,3504809,452358,12.91
2006,10,Delaware,853476,68722,8.05
2006,11,District of Columbia,581530,73820,12.69
2006,12,Florida,18089889,3425634,18.94
2006,13,Georgia,9363941,859590,9.18
2006,15,Hawaii,1285498,210162,16.35
2006,16,Idaho,1466465,82040,5.59
2006,17,Illinois,12831970,1773600,13.82
2006,18,Indiana,6313520,263607,4.18
2006,19,Iowa,2982085,112299,3.77
2006,20,Kansas,2764075,173394,6.27
2006,21,Kentucky,4206074,111724,2.66
2006,22,Louisiana,4287768,125204,2.92
2006,23,Maine,1321574,41956,3.17
2006,24,Maryland,5615727,683157,12.17
2006,25,Massachusetts,6437193,908271,14.11
2006,26,Michigan,10095643,598651,5.93
2006,27,Minnesota,5167101,339236,6.57
2006,28,Mississippi,2910540,51044,1.75
2006,29,Missouri,5842713,193690,3.32
2006,30,Montana,944632,17512,1.85
2006,31,Nebraska,1768331,99500,5.63
2006,32,Nevada,2495529,475914,19.07
2006,33,New Hampshire,1314895,71200,5.41
2006,34,New Jersey,8724560,1754253,20.11
2006,35,New Mexico,1954599,197251,10.09
2006,36,New York,19306183,4178962,21.65
2006,37,North Carolina,8856505,614198,6.93
2006,38,North Dakota,635867,13378,2.1
2006,39,Ohio,11478006,412352,3.59
2006,40,Oklahoma,3579212,175987,4.92
2006,41,Oregon,3700758,359867,9.72
2006,42,Pennsylvania,12440621,636567,5.12
2006,44,Rhode Island,1067610,134390,12.59
2006,45,South Carolina,4321249,176018,4.07
2006,46,South Dakota,781919,16852,2.16
2006,47,Tennessee,6038803,236516,3.92
2006,48,Texas,23507783,3740667,15.91
2006,49,Utah,2550063,210500,8.25
2006,50,Vermont,623908,24182,3.88
2006,51,Virginia,7642884,773785,10.12
2006,53,Washington,6395798,793789,12.41
2006,54,West Virginia,1818470,21948,1.21
2006,55,Wisconsin,5556506,245006,4.41
2006,56,Wyoming,515004,13929,2.7
2006,72,Puerto Rico,3927776,114487,2.91
2007,01,Alabama,4627851,137275,2.97
2007,02,Alaska,683478,48928,7.16
2007,04,Arizona,6338755,991584,15.64
2007,05,Arkansas,2834797,118405,4.18
2007,06,California,36553215,10024352,27.42
2007,08,Colorado,4861515,485170,9.98
2007,09,Connecticut,3502309,449661,12.84
2007,10,Delaware,864764,65821,7.61
2007,11,District of Columbia,588292,74409,12.65
2007,12,Florida,18251243,3440918,18.85
2007,13,Georgia,9544750,868413,9.1
2007,15,Hawaii,1283388,221448,17.25
2007,16,Idaho,1499402,83904,5.6
2007,17,Illinois,12852548,1768518,13.76
2007,18,Indiana,6345289,263848,4.16
2007,19,Iowa,2988047,117437,3.93
2007,20,Kansas,2775997,167085,6.02
2007,21,Kentucky,4241474,107833,2.54
2007,22,Louisiana,4293204,143267,3.34
2007,23,Maine,1317207,44464,3.38
2007,24,Maryland,5618344,694590,12.36
2007,25,Massachusetts,6449755,913957,14.17
2007,26,Michigan,10071822,609457,6.05
2007,27,Minnesota,5197621,345001,6.64
2007,28,Mississippi,2918785,49483,1.7
2007,29,Missouri,5878415,208121,3.54
2007,30,Montana,957861,16057,1.68
2007,31,Nebraska,1774571,98512,5.55
2007,32,Nevada,2565382,497821,19.41
2007,33,New Hampshire,1315828,67735,5.15
2007,34,New Jersey,8685920,1731202,19.93
2007,35,New Mexico,1969915,182936,9.29
2007,36,New York,19297729,4205813,21.79
2007,37,North Carolina,9061032,629947,6.95
2007,38,North Dakota,639715,15586,2.44
2007,39,Ohio,11466917,419443,3.66
2007,40,Oklahoma,3617316,182186,5.04
2007,41,Oregon,3747455,367551,9.81
2007,42,Pennsylvania,12432792,665176,5.35
2007,44,Rhode Island,1057832,134823,12.75
2007,45,South Carolina,4407709,190014,4.31
2007,46,South Dakota,796215,14530,1.82
2007,47,Tennessee,6156719,249552,4.05
2007,48,Texas,23904380,3828904,16.02
2007,49,Utah,2645330,215757,8.16
2007,50,Vermont,621254,21410,3.45
2007,51,Virginia,7712091,794246,10.3
2007,53,Washington,6468424,795179,12.29
2007,54,West Virginia,1812035,23455,1.29
2007,55,Wisconsin,5601640,252150,4.5
2007,56,Wyoming,522830,16360,3.13
2007,72,Puerto Rico,3942375,109107,2.77
2008,01,Alabama,4661900,131695,2.82
2008,02,Alaska,686293,44296,6.45
2008,04,Arizona,6500180,932518,14.35
2008,05,Arkansas,2855390,109257,3.83
2008,06,California,36756666,9859027,26.82
2008,08,Colorado,4939456,499179,10.11
2008,09,Connecticut,3501252,454002,12.97
2008,10,Delaware,873092,66793,7.65
2008,11,District of Columbia,591833,77884,13.16
2008,12,Florida,18328340,3391511,18.5
2008,13,Georgia,9685744,910473,9.4
2008,15,Hawaii,1288198,229348,17.8
2008,16,Idaho,1523816,89489,5.87
2008,20,Kansas,2802134,164118,5.86
2008,17,Illinois,12901564,1782423,13.82
2008,18,Indiana,6376792,256125,4.02
2008,19,Iowa,3002557,112289,3.74
2008,21,Kentucky,4269245,119503,2.8
2008,22,Louisiana,4410796,134704,3.05
2008,23,Maine,1316456,39378,2.99
2008,24,Maryland,5633597,697609,12.38
2008,25,Massachusetts,6497967,937200,14.42
2008,26,Michigan,10003422,582742,5.83
2008,27,Minnesota,5220393,340657,6.53
2008,28,Mississippi,2938618,60555,2.06
2008,29,Missouri,5911605,215214,3.64
2008,30,Montana,967440,21285,2.2
2008,31,Nebraska,1783432,97815,5.48
2008,32,Nevada,2600167,490717,18.87
2008,33,New Hampshire,1315809,65581,4.98
2008,34,New Jersey,8682661,1718034,19.79
2008,35,New Mexico,1984356,191025,9.63
2008,36,New York,19490297,4236768,21.74
2008,37,North Carolina,9222414,641130,6.95
2008,38,North Dakota,641481,15013,2.34
2008,39,Ohio,11485910,427040,3.72
2008,40,Oklahoma,3642361,183249,5.03
2008,41,Oregon,3790060,366405,9.67
2008,42,Pennsylvania,12448279,660426,5.31
2008,44,Rhode Island,1050788,128453,12.22
2008,45,South Carolina,4479800,195069,4.35
2008,46,South Dakota,804194,14894,1.85
2008,47,Tennessee,6214888,248483,4.0
2008,48,Texas,24326974,3887224,15.98
2008,49,Utah,2736424,226440,8.28
2008,50,Vermont,621270,24525,3.95
2008,51,Virginia,7769089,795712,10.24
2008,53,Washington,6549224,804364,12.28
2008,54,West Virginia,1814468,23273,1.28
2008,55,Wisconsin,5627968,247649,4.4
2008,56,Wyoming,532668,12372,2.32
2008,72,Puerto Rico,3954037,107983,2.73
2009,01,Alabama,4708708,146999,3.12
2009,02,Alaska,698473,48849,6.99
2009,04,Arizona,6595778,925376,14.03
2009,05,Arkansas,2889450,120231,4.16
2009,06,California,36961664,9946758,26.91
2009,08,Colorado,5024748,486615,9.68
2009,09,Connecticut,3518288,459515,13.06
2009,10,Delaware,885122,74033,8.36
2009,11,District of Columbia,599657,72110,12.03
2009,12,Florida,18537969,3484141,18.79
2009,13,Georgia,9829211,920381,9.36
2009,15,Hawaii,1295178,224227,17.31
2009,16,Idaho,1545801,97642,6.32
2009,17,Illinois,12910409,1740763,13.48
2009,18,Indiana,6423113,281327,4.38
2009,19,Iowa,3007857,116161,3.86
2009,20,Kansas,2818747,171252,6.08
2009,21,Kentucky,4314113,127973,2.97
2009,22,Louisiana,4492076,152002,3.38
2009,23,Maine,1318301,43958,3.33
2009,24,Maryland,5699478,730400,12.82
2009,25,Massachusetts,6593587,943335,14.31
2009,26,Michigan,9969727,614111,6.16
2009,27,Minnesota,5266215,357561,6.79
2009,28,Mississippi,2951996,59538,2.02
2009,29,Missouri,5987580,212900,3.56
2009,30,Montana,974989,19309,1.98
2009,31,Nebraska,1796622,106186,5.91
2009,32,Nevada,2643085,506505,19.16
2009,33,New Hampshire,1324575,68462,5.17
2009,34,New Jersey,8707740,1759467,20.21
2009,35,New Mexico,2009671,196006,9.75
2009,36,New York,19541453,4178170,21.38
2009,37,North Carolina,9380884,665270,7.09
2009,38,North Dakota,646844,15453,2.39
2009,39,Ohio,11542645,433330,3.75
2009,40,Oklahoma,3687050,189841,5.15
2009,41,Oregon,3825657,367202,9.6
2009,42,Pennsylvania,12604767,691242,5.48
2009,44,Rhode Island,1053209,133458,12.67
2009,45,South Carolina,4561242,205133,4.5
2009,46,South Dakota,812383,21765,2.68
2009,47,Tennessee,6296254,265658,4.22
2009,48,Texas,24782302,3985239,16.08
2009,49,Utah,2784572,218142,7.83
2009,50,Vermont,621760,20537,3.3
2009,51,Virginia,7882590,805742,10.22
2009,53,Washington,6664195,810637,12.16
2009,54,West Virginia,1819777,23129,1.27
2009,55,Wisconsin,5654774,256085,4.53
2009,56,Wyoming,544270,17108,3.14
2009,72,Puerto Rico,3967288,108262,2.73
2010,01,Alabama,4785298,168596,3.52
2010,02,Alaska,713985,49319,6.91
2010,04,Arizona,6413737,856663,13.36
2010,05,Arkansas,2921606,131667,4.51
2010,06,California,37349363,10150429,27.18
2010,08,Colorado,5049071,497105,9.85
2010,09,Connecticut,3577073,487120,13.62
2010,10,Delaware,899769,71868,7.99
2010,11,District of Columbia,604453,81734,13.52
2010,12,Florida,18843326,3658043,19.41
2010,13,Georgia,9712587,942959,9.71
2010,15,Hawaii,1363621,248213,18.2
2010,16,Idaho,1571450,87098,5.54
2010,17,Illinois,12843166,1759859,13.7
2010,18,Indiana,6490621,300789,4.63
2010,19,Iowa,3049883,139477,4.57
2010,20,Kansas,2859169,186942,6.54
2010,21,Kentucky,4346266,140583,3.23
2010,22,Louisiana,4544228,172866,3.8
2010,23,Maine,1327567,45666,3.44
2010,24,Maryland,5785982,803695,13.89
2010,25,Massachusetts,6557254,983564,15.0
2010,26,Michigan,9877574,587747,5.95
2010,27,Minnesota,5310584,378483,7.13
2010,28,Mississippi,2970036,61428,2.07
2010,29,Missouri,5996231,232537,3.88
2010,30,Montana,990898,20031,2.02
2010,31,Nebraska,1830429,112178,6.13
2010,32,Nevada,2704642,508458,18.8
2010,33,New Hampshire,1316759,69742,5.3
2010,34,New Jersey,8801624,1844581,20.96
2010,35,New Mexico,2065932,205141,9.93
2010,36,New York,19392283,4297612,22.16
2010,37,North Carolina,9561558,719137,7.52
2010,38,North Dakota,674499,16639,2.47
2010,39,Ohio,11536182,469748,4.07
2010,40,Oklahoma,3761702,206382,5.49
2010,41,Oregon,3838957,375743,9.79
2010,42,Pennsylvania,12709630,739068,5.82
2010,44,Rhode Island,1052886,134335,12.76
2010,45,South Carolina,4636312,218494,4.71
2010,46,South Dakota,816463,22238,2.72
2010,47,Tennessee,6356897,288993,4.55
2010,48,Texas,25257114,4142031,16.4
2010,49,Utah,2776469,222638,8.02
2010,50,Vermont,625960,27560,4.4
2010,51,Virginia,8024617,911119,11.35
2010,53,Washington,6744496,886262,13.14
2010,54,West Virginia,1853973,22511,1.21
2010,55,Wisconsin,5691047,254920,4.48
2010,56,Wyoming,564460,15843,2.81
2010,72,Puerto Rico,3722133,105528,2.84
2011,01,Alabama,4802740,162673,3.39
2011,02,Alaska,722718,51603,7.14
2011,04,Arizona,6482505,871667,13.45
2011,05,Arkansas,2937979,128809,4.38
2011,06,California,37691912,10195057,27.05
2011,08,Colorado,5116796,494760,9.67
2011,09,Connecticut,3580709,478323,13.36
2011,10,Delaware,907135,76362,8.42
2011,11,District of Columbia,617996,83599,13.53
2011,12,Florida,19057542,3702627,19.43
2011,13,Georgia,9815210,942921,9.61
2011,15,Hawaii,1374810,246091,17.9
2011,16,Idaho,1584985,95386,6.02
2011,17,Illinois,12869259,1798815,13.98
2011,18,Indiana,6516922,307194,4.71
2011,19,Iowa,3062309,133547,4.36
2011,20,Kansas,2871238,198767,6.92
2011,21,Kentucky,4369356,140433,3.21
2011,22,Louisiana,4574836,173778,3.8
2011,23,Maine,1328188,42747,3.22
2011,24,Maryland,5828289,811701,13.93
2011,25,Massachusetts,6587536,983389,14.93
2011,26,Michigan,9876187,604014,6.12
2011,27,Minnesota,5344861,388839,7.28
2011,28,Mississippi,2978512,65056,2.18
2011,29,Missouri,6010688,243263,4.05
2011,30,Montana,998199,20060,2.01
2011,31,Nebraska,1842641,116124,6.3
2011,32,Nevada,2723322,522463,19.18
2011,33,New Hampshire,1318194,73843,5.6
2011,34,New Jersey,8821155,1893186,21.46
2011,35,New Mexico,2082224,211107,10.14
2011,36,New York,19465197,4317715,22.18
2011,37,North Carolina,9656401,708350,7.34
2011,38,North Dakota,683932,16626,2.43
2011,39,Ohio,11544951,456422,3.95
2011,40,Oklahoma,3791508,208857,5.51
2011,41,Oregon,3871859,377613,9.75
2011,42,Pennsylvania,12742886,756410,5.94
2011,44,Rhode Island,1051302,141570,13.47
2011,45,South Carolina,4679230,221933,4.74
2011,46,South Dakota,824082,22015,2.67
2011,47,Tennessee,6403353,306676,4.79
2011,48,Texas,25674681,4201675,16.37
2011,49,Utah,2817222,238043,8.45
2011,50,Vermont,626431,24243,3.87
2011,51,Virginia,8096604,900243,11.12
2011,53,Washington,6830038,909312,13.31
2011,54,West Virginia,1855364,23829,1.28
2011,55,Wisconsin,5711767,269734,4.72
2011,56,Wyoming,568158,18390,3.24
2011,72,Puerto Rico,3706690,112536,3.04
2012,01,Alabama,4822023,163679,3.39
2012,02,Alaska,731449,52313,7.15
2012,04,Arizona,6553255,875927,13.37
2012,05,Arkansas,2949131,129165,4.38
2012,06,California,38041430,10300832,27.08
2012,08,Colorado,5187582,506358,9.76
2012,10,Delaware,917092,77497,8.45
2012,11,District of Columbia,632323,90323,14.28
2012,09,Connecticut,3590347,495421,13.8
2012,12,Florida,19317568,3747136,19.4
2012,13,Georgia,9919945,940138,9.48
2012,16,Idaho,1595728,96568,6.05
2012,15,Hawaii,1392313,251866,18.09
2012,17,Illinois,12875255,1791330,13.91
2012,18,Indiana,6537334,303145,4.64
2012,19,Iowa,3074186,137858,4.48
2012,20,Kansas,2885905,186816,6.47
2012,21,Kentucky,4380415,137411,3.14
2012,22,Louisiana,4601893,168152,3.65
2012,23,Maine,1329192,47095,3.54
2012,24,Maryland,5884563,839336,14.26
2012,25,Massachusetts,6646144,995692,14.98
2012,26,Michigan,9883360,607319,6.14
2012,27,Minnesota,5379139,389324,7.24
2012,28,Mississippi,2984926,59303,1.99
2012,29,Missouri,6021988,228076,3.79
2012,30,Montana,1005141,18344,1.83
2012,31,Nebraska,1855525,118522,6.39
2012,32,Nevada,2758931,530590,19.23
2012,33,New Hampshire,1320718,71369,5.4
2012,34,New Jersey,8864590,1883299,21.25
2012,35,New Mexico,2085538,192188,9.22
2012,36,New York,19570261,4424370,22.61
2012,37,North Carolina,9752073,748072,7.67
2012,38,North Dakota,699628,19380,2.77
2012,39,Ohio,11544225,451330,3.91
2012,40,Oklahoma,3814820,213284,5.59
2012,41,Oregon,3899353,372767,9.56
2012,42,Pennsylvania,12763536,769264,6.03
2012,44,Rhode Island,1050292,140125,13.34
2012,45,South Carolina,4723723,221976,4.7
2012,46,South Dakota,833354,22857,2.74
2012,47,Tennessee,6456243,291641,4.52
2012,48,Texas,26059203,4269693,16.38
2012,50,Vermont,626011,25541,4.08
2012,49,Utah,2855287,240872,8.44
2012,51,Virginia,8185867,947320,11.57
2012,53,Washington,6897012,916399,13.29
2012,54,West Virginia,1855413,25846,1.39
2012,55,Wisconsin,5726398,272009,4.75
2012,56,Wyoming,576412,19520,3.39
2012,72,Puerto Rico,3667084,98829,2.7
2013,28,Mississippi,2991207,62899,2.1
2013,29,Missouri,6044171,233261,3.86
2013,30,Montana,1015165,19465,1.92
2013,31,Nebraska,1868516,123182,6.59
2013,32,Nevada,2790136,529164,18.97
2013,33,New Hampshire,1323459,75175,5.68
2013,34,New Jersey,8899339,1925773,21.64
2013,35,New Mexico,2085287,211249,10.13
2013,36,New York,19651127,4383311,22.31
2013,37,North Carolina,9848060,749426,7.61
2013,38,North Dakota,723393,21107,2.92
2013,39,Ohio,11570808,477337,4.13
2013,40,Oklahoma,3850568,218432,5.67
2013,41,Oregon,3930065,391206,9.95
2013,42,Pennsylvania,12773801,796159,6.23
2013,44,Rhode Island,1051511,135972,12.93
2013,45,South Carolina,4774839,231278,4.84
2013,46,South Dakota,844877,24459,2.89
2013,47,Tennessee,6495978,304801,4.69
2013,48,Texas,26448193,4369271,16.52
2013,50,Vermont,626630,27012,4.31
2013,49,Utah,2900872,236954,8.17
2013,51,Virginia,8260405,948963,11.49
2013,53,Washington,6971406,943664,13.54
2013,54,West Virginia,1854304,26321,1.42
2013,55,Wisconsin,5742713,274687,4.78
2013,56,Wyoming,582658,18029,3.09
2013,72,Puerto Rico,3615086,94028,2.6
2013,01,Alabama,4833722,162226,3.36
2013,02,Alaska,735132,50760,6.9
2013,04,Arizona,6626624,896310,13.53
2013,05,Arkansas,2959373,133888,4.52
2013,06,California,38332521,10311200,26.9
2013,08,Colorado,5268367,500634,9.5
2013,10,Delaware,925749,76768,8.29
2013,11,District of Columbia,646449,92819,14.36
2013,09,Connecticut,3596080,499643,13.89
2013,12,Florida,19552860,3798062,19.42
2013,13,Georgia,9992167,970979,9.72
2013,16,Idaho,1612136,95525,5.93
2013,15,Hawaii,1404054,246464,17.55
2013,17,Illinois,12882135,1807468,14.03
2013,18,Indiana,6570902,314501,4.79
2013,19,Iowa,3090416,149122,4.83
2013,20,Kansas,2893957,198173,6.85
2013,21,Kentucky,4395295,149016,3.39
2013,22,Louisiana,4625470,182559,3.95
2013,23,Maine,1328302,44687,3.36
2013,24,Maryland,5928814,842250,14.21
2013,25,Massachusetts,6692824,1046155,15.63
2013,26,Michigan,9895622,616786,6.23
2013,27,Minnesota,5420380,403514,7.44
2014,01,Alabama,4849377,157356,3.24
2014,02,Alaska,736732,54672,7.42
2014,04,Arizona,6731484,919559,13.66
2014,05,Arkansas,2966369,139997,4.72
2014,06,California,38802500,10512399,27.09
2014,08,Colorado,5355866,538244,10.05
2014,10,Delaware,935614,80300,8.58
2014,11,District of Columbia,658893,91949,13.96
2014,09,Connecticut,3596677,491919,13.68
2014,12,Florida,19893297,3973515,19.97
2014,13,Georgia,10097343,994651,9.85
2014,16,Idaho,1634464,97353,5.96
2014,15,Hawaii,1419561,250272,17.63
2014,17,Illinois,12880580,1784403,13.85
2014,18,Indiana,6596855,319580,4.84
2014,19,Iowa,3107126,153321,4.93
2014,20,Kansas,2904021,204420,7.04
2014,21,Kentucky,4413457,162040,3.67
2014,22,Louisiana,4649676,194277,4.18
2014,23,Maine,1330089,49686,3.74
2014,24,Maryland,5976407,890439,14.9
2014,25,Massachusetts,6745408,1060281,15.72
2014,26,Michigan,9909877,636569,6.42
2014,27,Minnesota,5457173,428057,7.84
2014,28,Mississippi,2994079,65150,2.18
2014,29,Missouri,6063589,225122,3.71
2014,30,Montana,1023579,23882,2.33
2014,31,Nebraska,1881503,125400,6.66
2014,32,Nevada,2839099,551722,19.43
2014,33,New Hampshire,1326813,79532,5.99
2014,34,New Jersey,8938175,1960734,21.94
2014,35,New Mexico,2085572,205653,9.86
2014,36,New York,19746227,4465469,22.61
2014,37,North Carolina,9943964,763584,7.68
2014,38,North Dakota,739482,24154,3.27
2014,39,Ohio,11594163,482114,4.16
2014,40,Oklahoma,3878051,226665,5.84
2014,41,Oregon,3970239,393652,9.92
2014,42,Pennsylvania,12787209,821700,6.43
2014,44,Rhode Island,1055173,141233,13.38
2014,45,South Carolina,4832482,228553,4.73
2014,46,South Dakota,853175,24627,2.89
2014,47,Tennessee,6549352,321258,4.91
2014,48,Texas,26956958,4522428,16.78
2014,50,Vermont,626562,25578,4.08
2014,49,Utah,2942902,249917,8.49
2014,51,Virginia,8326289,1005620,12.08
2014,53,Washington,7061530,944746,13.38
2014,54,West Virginia,1850326,25407,1.37
2014,55,Wisconsin,5757564,280157,4.87
2014,56,Wyoming,584153,22478,3.85
2014,72,Puerto Rico,3548397,93155,2.63
2015,28,Mississippi,2992333,72258,2.41
2015,29,Missouri,6083672,242761,3.99
2015,30,Montana,1032949,21356,2.07
2015,31,Nebraska,1896190,128390,6.77
2015,32,Nevada,2890845,558170,19.31
2015,33,New Hampshire,1330608,79959,6.01
2015,34,New Jersey,8958013,1977325,22.07
2015,35,New Mexico,2085109,196955,9.45
2015,36,New York,19795791,4530087,22.88
2015,37,North Carolina,10042802,794684,7.91
2015,38,North Dakota,756928,28649,3.78
2015,39,Ohio,11613423,503911,4.34
2015,40,Oklahoma,3911338,235350,6.02
2015,41,Oregon,4028977,397293,9.86
2015,42,Pennsylvania,12802503,837159,6.54
2015,44,Rhode Island,1056298,142324,13.47
2015,45,South Carolina,4896146,232749,4.75
2015,46,South Dakota,858469,27845,3.24
2015,47,Tennessee,6600299,331570,5.02
2015,48,Texas,27469114,4671295,17.01
2015,50,Vermont,626042,28247,4.51
2015,49,Utah,2995919,244467,8.16
2015,51,Virginia,8382993,1018626,12.15
2015,53,Washington,7170351,980158,13.67
2015,54,West Virginia,1844128,29522,1.6
2015,55,Wisconsin,5771337,278981,4.83
2015,56,Wyoming,586107,21999,3.75
2015,72,Puerto Rico,3474182,97343,2.8
2015,01,Alabama,4858979,169972,3.5
2015,02,Alaska,738432,58544,7.93
2015,04,Arizona,6828065,914400,13.39
2015,05,Arkansas,2978204,142841,4.8
2015,06,California,39144818,10688336,27.3
2015,08,Colorado,5456574,537066,9.84
2015,10,Delaware,945934,87509,9.25
2015,11,District of Columbia,672228,95117,14.15
2015,09,Connecticut,3590886,519648,14.47
2015,12,Florida,20271272,4086240,20.16
2015,13,Georgia,10214860,1023717,10.02
2015,16,Idaho,1654930,94364,5.7
2015,15,Hawaii,1431603,253414,17.7
2015,17,Illinois,12859995,1826156,14.2
2015,18,Indiana,6619680,321308,4.85
2015,19,Iowa,3123899,148721,4.76
2015,20,Kansas,2911641,205720,7.07
2015,21,Kentucky,4425092,157336,3.56
2015,22,Louisiana,4670724,186369,3.99
2015,23,Maine,1329328,44694,3.36
2015,24,Maryland,6006401,911582,15.18
2015,25,Massachusetts,6794422,1095953,16.13
2015,26,Michigan,9922576,652090,6.57
2015,27,Minnesota,5489594,457185,8.33
2016,28,Mississippi,2988726,58766,1.97
2016,29,Missouri,6093000,249202,4.09
2016,30,Montana,1042520,21893,2.1
2016,31,Nebraska,1907116,134137,7.03
2016,32,Nevada,2940058,586799,19.96
2016,33,New Hampshire,1334795,76309,5.72
2016,34,New Jersey,8944469,2016085,22.54
2016,35,New Mexico,2081015,198406,9.53
2016,36,New York,19745289,4536115,22.97
2016,37,North Carolina,10146788,789638,7.78
2016,38,North Dakota,757953,24588,3.24
2016,39,Ohio,11614373,513592,4.42
2016,40,Oklahoma,3923561,228414,5.82
2016,41,Oregon,4093465,394217,9.63
2016,42,Pennsylvania,12784227,870913,6.81
2016,44,Rhode Island,1056426,148480,14.05
2016,45,South Carolina,4961119,237964,4.8
2016,46,South Dakota,865454,30926,3.57
2016,47,Tennessee,6651194,320021,4.81
2016,48,Texas,27862596,4729920,16.98
2016,50,Vermont,624594,28223,4.52
2016,49,Utah,3051217,252333,8.27
2016,51,Virginia,8411808,1031169,12.26
2016,53,Washington,7288000,1020394,14.0
2016,54,West Virginia,1831102,31770,1.74
2016,55,Wisconsin,5778709,288544,4.99
2016,56,Wyoming,585501,18856,3.22
2016,72,Puerto Rico,3411307,91393,2.68
2016,01,Alabama,4863300,163629,3.36
2016,02,Alaska,741894,57364,7.73
2016,04,Arizona,6931071,934883,13.49
2016,05,Arkansas,2988248,138592,4.64
2016,06,California,39250017,10677663,27.2
2016,08,Colorado,5540545,544733,9.83
2016,10,Delaware,952065,89391,9.39
2016,11,District of Columbia,681170,90631,13.31
2016,09,Connecticut,3576452,514050,14.37
2016,12,Florida,20612439,4236511,20.55
2016,13,Georgia,10310371,1038312,10.07
2016,16,Idaho,1683140,97953,5.82
2016,15,Hawaii,1428557,262485,18.37
2016,17,Illinois,12801539,1783474,13.93
2016,18,Indiana,6633053,349169,5.26
2016,19,Iowa,3134693,160189,5.11
2016,20,Kansas,2907289,205522,7.07
2016,21,Kentucky,4436974,155964,3.52
2016,22,Louisiana,4681666,189921,4.06
2016,23,Maine,1331479,50768,3.81
2016,24,Maryland,6016447,921870,15.32
2016,25,Massachusetts,6811779,1123882,16.5
2016,26,Michigan,9928300,662279,6.67
2016,27,Minnesota,5519952,452436,8.2
2017,28,Mississippi,2984100,65718,2.2
2017,29,Missouri,6113532,257102,4.21
2017,30,Montana,1050493,23109,2.2
2017,31,Nebraska,1920076,143331,7.46
2017,32,Nevada,2998039,596019,19.88
2017,33,New Hampshire,1342795,83167,6.19
2017,34,New Jersey,9005644,2055062,22.82
2017,35,New Mexico,2088070,195508,9.36
2017,36,New York,19849399,4540381,22.87
2017,37,North Carolina,10273419,829416,8.07
2017,38,North Dakota,755393,31062,4.11
2017,39,Ohio,11658609,528291,4.53
2017,40,Oklahoma,3930864,223883,5.7
2017,41,Oregon,4142776,408718,9.87
2017,42,Pennsylvania,12805537,893769,6.98
2017,44,Rhode Island,1059639,147017,13.87
2017,45,South Carolina,5024369,244294,4.86
2017,46,South Dakota,869666,29401,3.38
2017,47,Tennessee,6715984,347754,5.18
2017,48,Texas,28304596,4854140,17.15
2017,50,Vermont,623657,28083,4.5
2017,49,Utah,3101833,269239,8.68
2017,51,Virginia,8470020,1062370,12.54
2017,53,Washington,7405743,1060153,14.32
2017,54,West Virginia,1815857,29954,1.65
2017,55,Wisconsin,5795483,288052,4.97
2017,56,Wyoming,579315,20520,3.54
2017,72,Puerto Rico,3337177,91402,2.74
2017,01,Alabama,4874747,169066,3.47
2017,02,Alaska,739795,58187,7.87
2017,04,Arizona,7016270,924900,13.18
2017,05,Arkansas,3004279,140078,4.66
2017,06,California,39536653,10653414,26.95
2017,08,Colorado,5607154,550768,9.82
2017,10,Delaware,961939,98493,10.24
2017,11,District of Columbia,693972,101860,14.68
2017,09,Connecticut,3588184,530245,14.78
2017,12,Florida,20984400,4379341,20.87
2017,13,Georgia,10429379,1065968,10.22
2017,16,Idaho,1716943,101140,5.89
2017,15,Hawaii,1427538,265565,18.6
2017,17,Illinois,12802023,1832421,14.31
2017,18,Indiana,6666818,351233,5.27
2017,19,Iowa,3145711,166728,5.3
2017,20,Kansas,2913123,200557,6.88
2017,21,Kentucky,4454189,169085,3.8
2017,22,Louisiana,4684333,191403,4.09
2017,23,Maine,1335907,45433,3.4
2017,24,Maryland,6052177,927936,15.33
2017,25,Massachusetts,6859819,1156472,16.86
2017,26,Michigan,9962311,703806,7.06
2017,27,Minnesota,5576606,486243,8.72
2018,55,Wisconsin,5813568,297928,5.12
2018,56,Wyoming,577737,17528,3.03
2018,72,Puerto Rico,3195153,85348,2.67
2018,28,Mississippi,2986530,70860,2.37
2018,29,Missouri,6126452,258390,4.22
2018,30,Montana,1062305,23366,2.2
2018,31,Nebraska,1929268,138953,7.2
2018,32,Nevada,3034392,587686,19.37
2018,33,New Hampshire,1356458,83002,6.12
2018,34,New Jersey,8908520,2033292,22.82
2018,35,New Mexico,2095428,198522,9.47
2018,36,New York,19542209,4447165,22.76
2018,37,North Carolina,10383620,824177,7.94
2018,38,North Dakota,760077,35824,4.71
2018,39,Ohio,11689442,555583,4.75
2018,40,Oklahoma,3943079,236882,6.01
2018,41,Oregon,4190713,432410,10.32
2018,42,Pennsylvania,12807060,922585,7.2
2018,44,Rhode Island,1057315,139063,13.15
2018,45,South Carolina,5084127,256765,5.05
2018,46,South Dakota,882235,35175,3.99
2018,47,Tennessee,6770010,348562,5.15
2018,48,Texas,28701845,4928025,17.17
2018,50,Vermont,626299,30813,4.92
2018,49,Utah,3161105,271222,8.58
2018,51,Virginia,8517685,1065076,12.5
2018,53,Washington,7535591,1104850,14.66
2018,54,West Virginia,1805832,27605,1.53
2018,01,Alabama,4887871,162567,3.33
2018,02,Alaska,737438,60784,8.24
2018,04,Arizona,7171646,960275,13.39
2018,05,Arkansas,3013825,143709,4.77
2018,06,California,39557045,10625980,26.86
2018,08,Colorado,5695564,549181,9.64
2018,10,Delaware,967171,91230,9.43
2018,11,District of Columbia,702455,97846,13.93
2018,09,Connecticut,3572665,520262,14.56
2018,12,Florida,21299325,4475431,21.01
2018,13,Georgia,10519475,1064073,10.12
2018,16,Idaho,1754208,105228,6.0
2018,15,Hawaii,1420491,266147,18.74
2018,17,Illinois,12741080,1791313,14.06
2018,18,Indiana,6691878,354348,5.3
2018,19,Iowa,3156145,175137,5.55
2018,20,Kansas,2911510,209362,7.19
2018,21,Kentucky,4468402,169346,3.79
2018,22,Louisiana,4659978,195027,4.19
2018,23,Maine,1338404,47418,3.54
2018,24,Maryland,6042718,915191,15.15
2018,25,Massachusetts,6902149,1198148,17.36
2018,26,Michigan,9995915,695217,6.96
2018,27,Minnesota,5611179,484192,8.63
2019,28,Mississippi,2976149,63917,2.15
2019,29,Missouri,6137428,262047,4.27
2019,30,Montana,1068778,25068,2.35
2019,31,Nebraska,1934408,142468,7.36
2019,32,Nevada,3080156,610652,19.83
2019,33,New Hampshire,1359711,86906,6.39
2019,34,New Jersey,8882190,2074686,23.36
2019,35,New Mexico,2096829,201842,9.63
2019,36,New York,19453561,4360291,22.41
2019,37,North Carolina,10488084,884631,8.43
2019,38,North Dakota,762062,31138,4.09
2019,39,Ohio,11689100,558952,4.78
2019,40,Oklahoma,3956971,240209,6.07
2019,41,Oregon,4217737,410552,9.73
2019,42,Pennsylvania,12801989,893167,6.98
2019,44,Rhode Island,1059361,145074,13.69
2019,45,South Carolina,5148714,288410,5.6
2019,46,South Dakota,884659,36332,4.11
2019,47,Tennessee,6829174,373472,5.47
2019,48,Texas,28995881,4951156,17.08
2019,50,Vermont,623989,29374,4.71
2019,49,Utah,3205958,274575,8.56
2019,51,Virginia,8535519,1083823,12.7
2019,53,Washington,7614893,1132834,14.88
2019,54,West Virginia,1792147,28748,1.6
2019,55,Wisconsin,5822434,294239,5.05
2019,56,Wyoming,578759,17769,3.07
2019,72,Puerto Rico,3193694,87133,2.73
2019,17,Illinois,12671821,1766492,13.94
2019,13,Georgia,10617423,1091880,10.28
2019,16,Idaho,1787065,103112,5.77
2019,15,Hawaii,1415872,273012,19.28
2019,18,Indiana,6732219,358598,5.33
2019,19,Iowa,3155070,177769,5.63
2019,20,Kansas,2913314,208900,7.17
2019,21,Kentucky,4467673,196618,4.4
2019,22,Louisiana,4648794,196575,4.23
2019,23,Maine,1344212,52412,3.9
2019,24,Maryland,6045680,929431,15.37
2019,25,Massachusetts,6892503,1190192,17.27
2019,26,Michigan,9986857,700925,7.02
2019,27,Minnesota,5639632,472231,8.37
2019,09,Connecticut,3565287,528365,14.82
2019,12,Florida,21477737,4526428,21.07
2019,01,Alabama,4903185,174952,3.57
2019,02,Alaska,731545,58378,7.98
2019,04,Arizona,7278717,976301,13.41
2019,05,Arkansas,3017804,154286,5.11
2019,06,California,39512223,10564220,26.74
2019,08,Colorado,5758736,546889,9.5
2019,10,Delaware,973764,97270,9.99
2019,11,District of Columbia,705749,85333,12.09
2021,01,Alabama,5039877,176514,3.5
2021,72,Puerto Rico,3263584,87638,2.69
2021,04,Arizona,7276316,915934,12.59
2021,05,Arkansas,3025891,142988,4.73
2021,06,California,39237836,10451810,26.64
2021,08,Colorado,5812069,570273,9.81
2021,09,Connecticut,3605597,549441,15.24
2021,10,Delaware,1003384,101260,10.09
2021,11,District of Columbia,670050,89226,13.32
2021,12,Florida,21781128,4608653,21.16
2021,13,Georgia,10799566,1082965,10.03
2021,15,Hawaii,1441553,270345,18.75
2021,16,Idaho,1900923,115392,6.07
2021,17,Illinois,12671469,1804562,14.24
2021,18,Indiana,6805985,379407,5.57
2021,19,Iowa,3193079,173021,5.42
2021,20,Kansas,2934582,201911,6.88
2021,21,Kentucky,4509394,182011,4.04
2021,22,Louisiana,4624047,199915,4.32
2021,23,Maine,1372247,56068,4.09
2021,24,Maryland,6165129,979051,15.88
2021,25,Massachusetts,6984723,1227488,17.57
2021,26,Michigan,10050811,683293,6.8
2021,27,Minnesota,5707390,487445,8.54
2021,28,Mississippi,2949965,62859,2.13
2021,29,Missouri,6168187,251238,4.07
2021,30,Montana,1104271,24457,2.21
2021,31,Nebraska,1963692,144444,7.36
2021,32,Nevada,3143991,579692,18.44
2021,33,New Hampshire,1388992,82127,5.91
2021,34,New Jersey,9267130,2134981,23.04
2021,35,New Mexico,2115877,192634,9.1
2021,36,New York,19835913,4427356,22.32
2021,37,North Carolina,10551162,869786,8.24
2021,38,North Dakota,774948,33824,4.36
2021,39,Ohio,11780017,584839,4.96
2021,40,Oklahoma,3986639,230620,5.78
2021,41,Oregon,4246155,412396,9.71
2021,42,Pennsylvania,12964056,938636,7.24
2021,44,Rhode Island,1095610,159304,14.54
2021,45,South Carolina,5190705,271280,5.23
2021,46,South Dakota,895376,30983,3.46
2021,47,Tennessee,6975218,370765,5.32
2021,48,Texas,29527941,5092132,17.25
2021,49,Utah,3337975,278336,8.34
2021,50,Vermont,645570,27203,4.21
2021,51,Virginia,8642274,1070347,12.39
2021,53,Washington,7738692,1143311,14.77
2021,54,West Virginia,1782959,27861,1.56
2021,55,Wisconsin,5895908,300760,5.1
2021,56,Wyoming,578803,19898,3.44
2021,02,Alaska,732673,59061,8.06
2022,01,Alabama,5074296,191234,3.77
2022,02,Alaska,733583,55072,7.51
2022,04,Arizona,7359197,962688,13.08
2022,05,Arkansas,3045637,156073,5.12
2022,06,California,39029342,10428025,26.72
2022,08,Colorado,5839926,557528,9.55
2022,09,Connecticut,3626205,568311,15.67
2022,10,Delaware,1018396,101110,9.93
2022,11,District of Columbia,671803,99898,14.87
2022,12,Florida,22244823,4817273,21.66
2022,13,Georgia,10912876,1168022,10.7
2022,15,Hawaii,1440196,246683,17.13
2022,16,Idaho,1939033,115978,5.98
2022,17,Illinois,12582032,1810100,14.39
2022,18,Indiana,6833037,414526,6.07
2022,19,Iowa,3200517,190727,5.96
2022,20,Kansas,2937150,207583,7.07
2022,21,Kentucky,4512310,180899,4.01
2022,22,Louisiana,4590241,192895,4.2
2022,23,Maine,1385340,56419,4.07
2022,24,Maryland,6164660,1029710,16.7
2022,25,Massachusetts,6981974,1259871,18.04
2022,26,Michigan,10034118,695203,6.93
2022,27,Minnesota,5717184,498826,8.73
2022,28,Mississippi,2940057,65448,2.23
2022,29,Missouri,6177957,252575,4.09
2022,30,Montana,1122867,26276,2.34
2022,31,Nebraska,1967923,142569,7.24
2022,32,Nevada,3177772,600957,18.91
2022,33,New Hampshire,1395231,86751,6.22
2022,34,New Jersey,9261699,2181082,23.55
2022,35,New Mexico,2113344,196873,9.32
2022,36,New York,19677151,4459752,22.66
2022,37,North Carolina,10698973,916787,8.57
2022,38,North Dakota,779261,38355,4.92
2022,39,Ohio,11756058,585938,4.98
2022,40,Oklahoma,4019800,242754,6.04
2022,41,Oregon,4240137,420943,9.93
2022,42,Pennsylvania,12972008,978173,7.54
2022,44,Rhode Island,1093734,157594,14.41
2022,45,South Carolina,5282634,273375,5.17
2022,46,South Dakota,909824,31657,3.48
2022,47,Tennessee,7051339,392453,5.57
2022,48,Texas,30029572,5169126,17.21
2022,49,Utah,3380800,292299,8.65
2022,50,Vermont,647064,27454,4.24
2022,51,Virginia,8683619,1105028,12.73
2022,53,Washington,7785786,1188392,15.26
2022,54,West Virginia,1775156,32309,1.82
2022,55,Wisconsin,5892539,294741,5.0
2022,56,Wyoming,581381,17862,3.07
2022,72,Puerto Rico,3221789,84177,2.61
2023,01,Alabama,5108468,203143,3.98
2023,02,Alaska,733406,54571,7.44
2023,04,Arizona,7431344,980927,13.2
2023,05,Arkansas,3067732,162340,5.29
2023,06,California,38965193,10640017,27.31
2023,08,Colorado,5877610,563101,9.58
2023,09,Connecticut,3617176,590608,16.33
2023,10,Delaware,1031890,115129,11.16
2023,11,District of Columbia,678972,95435,14.06
2023,12,Florida,22610726,4996874,22.1
2023,13,Georgia,11029227,1274462,11.56
2023,15,Hawaii,1435138,255755,17.82
2023,16,Idaho,1964726,112009,5.7
2023,17,Illinois,12549689,1878890,14.97
2023,18,Indiana,6862199,432652,6.3
2023,19,Iowa,3207004,188605,5.88
2023,20,Kansas,2940547,207421,7.05
2023,21,Kentucky,4526154,201672,4.46
2023,22,Louisiana,4573749,222672,4.87
2023,23,Maine,1395722,53448,3.83
2023,24,Maryland,6180253,1051891,17.02
2023,25,Massachusetts,7001399,1263580,18.05
2023,26,Michigan,10037261,737552,7.35
2023,27,Minnesota,5737915,495352,8.63
2023,28,Mississippi,2939690,75165,2.56
2023,29,Missouri,6196156,296832,4.79
2023,30,Montana,1132812,24623,2.17
2023,31,Nebraska,1978379,152341,7.7
2023,32,Nevada,3194176,614779,19.25
2023,33,New Hampshire,1402054,94873,6.77
2023,34,New Jersey,9290841,2250431,24.22
2023,35,New Mexico,2114371,215697,10.2
2023,36,New York,19571216,4517996,23.08
2023,37,North Carolina,10835491,995127,9.18
2023,38,North Dakota,783926,31096,3.97
2023,39,Ohio,11785935,621863,5.28
2023,40,Oklahoma,4053824,247828,6.11
2023,41,Oregon,4233358,406692,9.61
2023,42,Pennsylvania,12961683,1031320,7.96
2023,44,Rhode Island,1095962,161196,14.71
2023,45,South Carolina,5373555,316438,5.89
2023,46,South Dakota,919318,39943,4.34
2023,47,Tennessee,7126489,432020,6.06
2023,48,Texas,30503301,5455292,17.88
2023,49,Utah,3417734,303784,8.89
2023,50,Vermont,647464,29047,4.49
2023,51,Virginia,8715698,1163486,13.35
2023,53,Washington,7812880,1213933,15.54
2023,54,West Virginia,1770071,32326,1.83
2023,55,Wisconsin,5910955,307899,5.21
2023,56,Wyoming,584057,21278,3.64
2023,72,Puerto Rico,3205691,84172,2.63
