year,state_fips,state_name,pop_25plus,bachelors_or_higher,bachelors_pct
2008,01,Alabama,3078499,677070,21.99
2008,02,Alaska,424901,116034,27.31
2008,04,Arizona,4192547,1052333,25.1
2008,05,Arkansas,1872814,351940,18.79
2008,06,California,23528476,6962126,29.59
2008,08,Colorado,3263026,1161467,35.59
2008,09,Connecticut,2364317,841910,35.61
2008,10,Delaware,581811,159978,27.5
2008,11,District of Columbia,403768,194759,48.24
2008,12,Florida,12699412,3278447,25.82
2008,13,Georgia,6191871,1702466,27.5
2008,15,Hawaii,873046,254173,29.11
2008,16,Idaho,959162,230157,24.0
2008,17,Illinois,8393247,2507694,29.88
2008,18,Indiana,4177420,956371,22.89
2008,19,Iowa,1979224,480240,24.26
2008,20,Kansas,1806450,534955,29.61
2008,21,Kentucky,2872922,565288,19.68
2008,22,Louisiana,2830500,573850,20.27
2008,23,Maine,928594,235518,25.36
2008,24,Maryland,3741795,1316442,35.18
2008,25,Massachusetts,4397927,1675267,38.09
2008,26,Michigan,6627768,1640173,24.75
2008,27,Minnesota,3456013,1089354,31.52
2008,28,Mississippi,1862456,361051,19.39
2008,29,Missouri,3915849,979207,25.01
2008,30,Montana,648277,175831,27.12
2008,31,Nebraska,1151267,312412,27.14
2008,32,Nevada,1710130,373815,21.86
2008,33,New Hampshire,903088,300887,33.32
2008,34,New Jersey,5864395,2017624,34.4
2008,35,New Mexico,1278005,315930,24.72
2008,36,New York,13072344,4173189,31.92
2008,37,North Carolina,6085315,1586081,26.06
2008,38,North Dakota,418893,112643,26.89
2008,39,Ohio,7664309,1847054,24.1
2008,40,Oklahoma,2359350,523057,22.17
2008,41,Oregon,2580555,725153,28.1
2008,42,Pennsylvania,8475332,2225655,26.26
2008,44,Rhode Island,708746,212880,30.04
2008,45,South Carolina,2960522,700496,23.66
2008,46,South Dakota,522989,131050,25.06
2008,47,Tennessee,4176640,954737,22.86
2008,48,Texas,15124846,3832100,25.34
2008,49,Utah,1554634,451739,29.06
2008,50,Vermont,429859,138088,32.12
2008,51,Virginia,5155750,1736982,33.69
2008,53,Washington,4387893,1347084,30.7
2008,54,West Virginia,1265065,216204,17.09
2008,55,Wisconsin,3758610,965664,25.69
2008,56,Wyoming,349389,82557,23.63
2008,72,Puerto Rico,2571234,543869,21.15
2009,01,Alabama,3115982,686543,22.03
2009,02,Alaska,431178,114535,26.56
2009,04,Arizona,4248231,1085753,25.56
2009,05,Arkansas,1903914,358933,18.85
2009,06,California,23782109,7110449,29.9
2009,08,Colorado,3293368,1181594,35.88
2009,09,Connecticut,2370028,843502,35.59
2009,10,Delaware,595133,171091,28.75
2009,11,District of Columbia,413396,200382,48.47
2009,12,Florida,12800944,3233714,25.26
2009,13,Georgia,6230326,1716045,27.54
2009,15,Hawaii,882883,261095,29.57
2009,16,Idaho,963730,230252,23.89
2009,17,Illinois,8437673,2581463,30.59
2009,18,Indiana,4193210,944320,22.52
2009,19,Iowa,1980897,496918,25.09
2009,20,Kansas,1809054,533004,29.46
2009,21,Kentucky,2877333,603567,20.98
2009,22,Louisiana,2896932,620131,21.41
2009,23,Maine,924973,249275,26.95
2009,24,Maryland,3797739,1355268,35.69
2009,25,Massachusetts,4490445,1716578,38.23
2009,26,Michigan,6624875,1628826,24.59
2009,27,Minnesota,3486153,1098041,31.5
2009,28,Mississippi,1865862,365660,19.6
2009,29,Missouri,3961562,999095,25.22
2009,30,Montana,648828,177632,27.38
2009,31,Nebraska,1153230,315465,27.35
2009,32,Nevada,1728239,376423,21.78
2009,33,New Hampshire,902747,288873,32.0
2009,34,New Jersey,5905302,2037481,34.5
2009,35,New Mexico,1290920,327130,25.34
2009,36,New York,13197392,4275463,32.4
2009,37,North Carolina,6150247,1632573,26.54
2009,38,North Dakota,419435,108035,25.76
2009,39,Ohio,7738348,1866776,24.12
2009,40,Oklahoma,2376783,540276,22.73
2009,41,Oregon,2586798,754459,29.17
2009,42,Pennsylvania,8609133,2271270,26.38
2009,44,Rhode Island,715565,217976,30.46
2009,45,South Carolina,3019333,734662,24.33
2009,46,South Dakota,523836,131554,25.11
2009,47,Tennessee,4213368,969266,23.0
2009,48,Texas,15361557,3917304,25.5
2009,49,Utah,1573179,448121,28.49
2009,50,Vermont,425483,140634,33.05
2009,51,Virginia,5207987,1770257,33.99
2009,53,Washington,4445351,1379728,31.04
2009,54,West Virginia,1263943,218270,17.27
2009,55,Wisconsin,3761656,965428,25.66
2009,56,Wyoming,355793,84564,23.77
2009,72,Puerto Rico,2595507,556734,21.45
2010,01,Alabama,3161521,692695,21.91
2010,02,Alaska,450577,125823,27.92
2010,04,Arizona,4146758,1074035,25.9
2010,05,Arkansas,1919422,374018,19.49
2010,06,California,24097200,7251271,30.09
2010,08,Colorado,3328045,1211230,36.39
2010,09,Connecticut,2434383,865299,35.54
2010,10,Delaware,600779,167068,27.81
2010,11,District of Columbia,416824,208824,50.1
2010,12,Florida,13077179,3371251,25.78
2010,13,Georgia,6235623,1701758,27.29
2010,15,Hawaii,926928,273574,29.51
2010,16,Idaho,987829,240928,24.39
2010,17,Illinois,8465762,2603917,30.76
2010,18,Indiana,4229798,959113,22.68
2010,19,Iowa,2018785,503551,24.94
2010,20,Kansas,1840681,547888,29.77
2010,21,Kentucky,2903308,596383,20.54
2010,22,Louisiana,2945907,630895,21.42
2010,23,Maine,937014,250969,26.78
2010,24,Maryland,3873474,1396843,36.06
2010,25,Massachusetts,4458898,1738899,39.0
2010,26,Michigan,6569801,1655181,25.19
2010,27,Minnesota,3528096,1122836,31.83
2010,28,Mississippi,1904406,371519,19.51
2010,29,Missouri,3984849,1019819,25.59
2010,30,Montana,672952,193860,28.81
2010,31,Nebraska,1184379,339071,28.63
2010,32,Nevada,1789530,388125,21.69
2010,33,New Hampshire,907755,297481,32.77
2010,34,New Jersey,5970904,2113316,35.39
2010,35,New Mexico,1341329,335076,24.98
2010,36,New York,13089848,4259792,32.54
2010,37,North Carolina,6325621,1673319,26.45
2010,38,North Dakota,442946,122299,27.61
2010,39,Ohio,7720849,1900790,24.62
2010,40,Oklahoma,2449213,560541,22.89
2010,41,Oregon,2614886,751803,28.75
2010,42,Pennsylvania,8654829,2343485,27.08
2010,44,Rhode Island,709979,214586,30.22
2010,45,South Carolina,3074357,754491,24.54
2010,46,South Dakota,532379,139786,26.26
2010,47,Tennessee,4242391,980364,23.11
2010,48,Texas,15772122,4091770,25.94
2010,49,Utah,1584824,465141,29.35
2010,50,Vermont,431042,144831,33.6
2010,51,Virginia,5361301,1835618,34.24
2010,53,Washington,4505657,1399238,31.06
2010,54,West Virginia,1294747,226845,17.52
2010,55,Wisconsin,3800295,1001353,26.35
2010,56,Wyoming,370951,89474,24.12
2010,72,Puerto Rico,2444933,544421,22.27
2011,01,Alabama,3193078,710532,22.25
2011,02,Alaska,456862,120461,26.37
2011,04,Arizona,4211223,1119198,26.58
2011,05,Arkansas,1943427,394820,20.32
2011,06,California,24443872,7406320,30.3
2011,08,Colorado,3387310,1243092,36.7
2011,09,Connecticut,2444403,884059,36.17
2011,10,Delaware,611120,176243,28.84
2011,11,District of Columbia,428261,224764,52.48
2011,12,Florida,13267581,3429229,25.85
2011,13,Georgia,6308961,1738965,27.56
2011,15,Hawaii,939512,273274,29.09
2011,16,Idaho,998460,252095,25.25
2011,17,Illinois,8521694,2643864,31.03
2011,18,Indiana,4255459,979216,23.01
2011,19,Iowa,2027201,523099,25.8
2011,20,Kansas,1852094,558107,30.13
2011,21,Kentucky,2922350,616025,21.08
2011,22,Louisiana,2972737,627940,21.12
2011,23,Maine,942537,267551,28.39
2011,24,Maryland,3915657,1444372,36.89
2011,25,Massachusetts,4502048,1762510,39.15
2011,26,Michigan,6588324,1688269,25.63
2011,27,Minnesota,3560801,1152851,32.38
2011,28,Mississippi,1912708,379625,19.85
2011,29,Missouri,4008554,1044982,26.07
2011,30,Montana,676793,190918,28.21
2011,31,Nebraska,1196112,334127,27.93
2011,32,Nevada,1810960,406875,22.47
2011,33,New Hampshire,914207,305313,33.4
2011,34,New Jersey,6004613,2118903,35.29
2011,35,New Mexico,1354186,345995,25.55
2011,36,New York,13197704,4345667,32.93
2011,37,North Carolina,6399357,1722474,26.92
2011,38,North Dakota,448145,117900,26.31
2011,39,Ohio,7749236,1910745,24.66
2011,40,Oklahoma,2469196,588085,23.82
2011,41,Oregon,2644754,775821,29.33
2011,42,Pennsylvania,8714235,2349673,26.96
2011,44,Rhode Island,712266,221812,31.14
2011,45,South Carolina,3110532,748675,24.07
2011,46,South Dakota,537588,141634,26.35
2011,47,Tennessee,4294392,1013898,23.61
2011,48,Texas,16074391,4247679,26.43
2011,49,Utah,1608668,478566,29.75
2011,50,Vermont,434652,153890,35.41
2011,51,Virginia,5418844,1903494,35.13
2011,53,Washington,4583426,1461004,31.88
2011,54,West Virginia,1294198,239041,18.47
2011,55,Wisconsin,3831373,1014313,26.47
2011,56,Wyoming,375608,92848,24.72
2011,72,Puerto Rico,2443515,569551,23.31
2012,01,Alabama,3209646,747159,23.28
2012,02,Alaska,464594,130124,28.01
2012,04,Arizona,4280464,1170586,27.35
2012,05,Arkansas,1949382,409109,20.99
2012,06,California,24779784,7660529,30.91
2012,08,Colorado,3444654,1291006,37.48
2012,10,Delaware,618612,182689,29.53
2012,11,District of Columbia,439531,232791,52.96
2012,09,Connecticut,2457978,911137,37.07
2012,12,Florida,13503747,3623069,26.83
2012,13,Georgia,6403838,1807275,28.22
2012,16,Idaho,1012786,257893,25.46
2012,15,Hawaii,952281,286216,30.06
2012,17,Illinois,8558895,2707353,31.63
2012,18,Indiana,4278945,1002109,23.42
2012,19,Iowa,2036993,536320,26.33
2012,20,Kansas,1863224,566242,30.39
2012,21,Kentucky,2935461,639145,21.77
2012,22,Louisiana,3006605,660068,21.95
2012,23,Maine,947017,264729,27.95
2012,24,Maryland,3972135,1466987,36.93
2012,25,Massachusetts,4556609,1789945,39.28
2012,26,Michigan,6621018,1723403,26.03
2012,27,Minnesota,3600744,1195340,33.2
2012,28,Mississippi,1911968,395016,20.66
2012,29,Missouri,4023641,1062670,26.41
2012,30,Montana,686770,201929,29.4
2012,31,Nebraska,1206908,349662,28.97
2012,32,Nevada,1840642,411797,22.37
2012,33,New Hampshire,919883,317891,34.56
2012,34,New Jersey,6049352,2192183,36.24
2012,35,New Mexico,1360330,355288,26.12
2012,36,New York,13309761,4443762,33.39
2012,37,North Carolina,6489883,1775858,27.36
2012,38,North Dakota,457904,127875,27.93
2012,39,Ohio,7770716,1961312,25.24
2012,40,Oklahoma,2487456,591307,23.77
2012,41,Oregon,2671772,799454,29.92
2012,42,Pennsylvania,8756317,2435534,27.81
2012,44,Rhode Island,712271,223743,31.41
2012,45,South Carolina,3151616,791022,25.1
2012,46,South Dakota,544292,142951,26.26
2012,47,Tennessee,4336473,1052804,24.28
2012,48,Texas,16390379,4384080,26.75
2012,50,Vermont,434948,155505,35.75
2012,49,Utah,1641335,504521,30.74
2012,51,Virginia,5504766,1951504,35.45
2012,53,Washington,4645859,1471515,31.67
2012,54,West Virginia,1296201,241684,18.65
2012,55,Wisconsin,3854170,1046153,27.14
2012,56,Wyoming,380942,94278,24.75
2012,72,Puerto Rico,2432137,589105,24.22
2013,28,Mississippi,1931054,393406,20.37
2013,29,Missouri,4047283,1091005,26.96
2013,30,Montana,689169,199788,28.99
2013,31,Nebraska,1215208,356792,29.36
2013,32,Nevada,1872884,422100,22.54
2013,33,New Hampshire,924568,319445,34.55
2013,34,New Jersey,6086705,2225869,36.57
2013,35,New Mexico,1361846,359368,26.39
2013,36,New York,13419310,4573878,34.08
2013,37,North Carolina,6568110,1864989,28.39
2013,38,North Dakota,467815,126938,27.13
2013,39,Ohio,7805254,2040566,26.14
2013,40,Oklahoma,2506437,596461,23.8
2013,41,Oregon,2704043,831120,30.74
2013,42,Pennsylvania,8809510,2527174,28.69
2013,44,Rhode Island,719956,233115,32.38
2013,45,South Carolina,3198816,834542,26.09
2013,46,South Dakota,550959,146306,26.55
2013,47,Tennessee,4370035,1082373,24.77
2013,48,Texas,16673656,4592151,27.54
2013,50,Vermont,436174,155817,35.72
2013,49,Utah,1670449,523495,31.34
2013,51,Virginia,5561224,2010335,36.15
2013,53,Washington,4706104,1540468,32.73
2013,54,West Virginia,1294025,244955,18.93
2013,55,Wisconsin,3879291,1074631,27.7
2013,56,Wyoming,383914,102003,26.57
2013,72,Puerto Rico,2417418,585069,24.2
2013,01,Alabama,3225447,756953,23.47
2013,02,Alaska,462659,129413,27.97
2013,04,Arizona,4344737,1188441,27.35
2013,05,Arkansas,1960503,403937,20.6
2013,06,California,25147232,7805734,31.04
2013,08,Colorado,3514235,1328281,37.8
2013,10,Delaware,629730,187385,29.76
2013,11,District of Columbia,453014,249606,55.1
2013,09,Connecticut,2465315,917454,37.21
2013,12,Florida,13726996,3734175,27.2
2013,13,Georgia,6472172,1833119,28.32
2013,16,Idaho,1026889,269406,26.24
2013,15,Hawaii,959903,299251,31.18
2013,17,Illinois,8593665,2760102,32.12
2013,18,Indiana,4312892,1027219,23.82
2013,19,Iowa,2048270,541509,26.44
2013,20,Kansas,1872445,581416,31.05
2013,21,Kentucky,2953653,667026,22.58
2013,22,Louisiana,3034973,684227,22.54
2013,23,Maine,953962,269188,28.22
2013,24,Maryland,4018701,1503805,37.42
2013,25,Massachusetts,4604795,1855376,40.29
2013,26,Michigan,6645295,1787387,26.9
2013,27,Minnesota,3629333,1216883,33.53
2014,01,Alabama,3256766,764407,23.47
2014,02,Alaska,465149,130264,28.0
2014,04,Arizona,4436226,1222292,27.55
2014,05,Arkansas,1968414,420958,21.39
2014,06,California,25654292,8136670,31.72
2014,08,Colorado,3584463,1374212,38.34
2014,10,Delaware,640343,195881,30.59
2014,11,District of Columbia,463211,254672,54.98
2014,09,Connecticut,2471818,940114,38.03
2014,12,Florida,14041196,3830504,27.28
2014,13,Georgia,6576408,1910600,29.05
2014,16,Idaho,1045193,261522,25.02
2014,15,Hawaii,974586,302339,31.02
2014,17,Illinois,8639076,2833407,32.8
2014,18,Indiana,4342916,1070602,24.65
2014,19,Iowa,2062734,570426,27.65
2014,20,Kansas,1881521,593084,31.52
2014,21,Kentucky,2967181,659701,22.23
2014,22,Louisiana,3060688,701596,22.92
2014,23,Maine,959407,281781,29.37
2014,24,Maryland,4062813,1553684,38.24
2014,25,Massachusetts,4654351,1916729,41.18
2014,26,Michigan,6680525,1827339,27.35
2014,27,Minnesota,3672583,1258534,34.27
2014,28,Mississippi,1950710,410953,21.07
2014,29,Missouri,4076767,1120711,27.49
2014,30,Montana,695850,203839,29.29
2014,31,Nebraska,1224701,361769,29.54
2014,32,Nevada,1919598,443463,23.1
2014,33,New Hampshire,931304,326030,35.01
2014,34,New Jersey,6127931,2291268,37.39
2014,35,New Mexico,1373822,362934,26.42
2014,36,New York,13539612,4667982,34.48
2014,37,North Carolina,6661937,1912564,28.71
2014,38,North Dakota,478850,131316,27.42
2014,39,Ohio,7857460,2092218,26.63
2014,40,Oklahoma,2529885,611368,24.17
2014,41,Oregon,2746957,846246,30.81
2014,42,Pennsylvania,8858865,2567725,28.98
2014,44,Rhode Island,725871,220894,30.43
2014,45,South Carolina,3260929,856973,26.28
2014,46,South Dakota,555488,154216,27.76
2014,47,Tennessee,4425073,1118307,25.27
2014,48,Texas,17087888,4749029,27.79
2014,50,Vermont,438279,152901,34.89
2014,49,Utah,1704734,530203,31.1
2014,51,Virginia,5623295,2066339,36.75
2014,53,Washington,4784484,1584776,33.12
2014,54,West Virginia,1296350,248257,19.15
2014,55,Wisconsin,3898162,1108094,28.43
2014,56,Wyoming,388962,103333,26.57
2014,72,Puerto Rico,2400677,586712,24.44
2015,28,Mississippi,1952337,406599,20.83
2015,29,Missouri,4097212,1140860,27.84
2015,30,Montana,706329,216174,30.61
2015,31,Nebraska,1232583,372288,30.2
2015,32,Nevada,1968167,463681,23.56
2015,33,New Hampshire,937214,334313,35.67
2015,34,New Jersey,6166384,2318073,37.59
2015,35,New Mexico,1377548,364462,26.46
2015,36,New York,13641473,4778463,35.03
2015,37,North Carolina,6762644,1991057,29.44
2015,38,North Dakota,492017,143403,29.15
2015,39,Ohio,7896470,2115116,26.79
2015,40,Oklahoma,2557863,630004,24.63
2015,41,Oregon,2804461,901667,32.15
2015,42,Pennsylvania,8895727,2641023,29.69
2015,44,Rhode Island,730083,238818,32.71
2015,45,South Carolina,3319832,890241,26.82
2015,46,South Dakota,563108,154885,27.51
2015,47,Tennessee,4473487,1151080,25.73
2015,48,Texas,17472861,4955374,28.36
2015,50,Vermont,438654,162072,36.95
2015,49,Utah,1741949,554712,31.84
2015,51,Virginia,5685318,2102044,36.97
2015,53,Washington,4889314,1670893,34.17
2015,54,West Virginia,1300347,254414,19.57
2015,55,Wisconsin,3918997,1112458,28.39
2015,56,Wyoming,388747,102034,26.25
2015,72,Puerto Rico,2382526,590228,24.77
2015,01,Alabama,3282252,792876,24.16
2015,02,Alaska,469523,139416,29.69
2015,04,Arizona,4536954,1257449,27.72
2015,05,Arkansas,1987819,433381,21.8
2015,06,California,26085263,8415690,32.26
2015,08,Colorado,3671853,1440776,39.24
2015,10,Delaware,652636,201929,30.94
2015,11,District of Columbia,472884,268345,56.75
2015,09,Connecticut,2474718,948044,38.31
2015,12,Florida,14394281,4092338,28.43
2015,13,Georgia,6683767,2000113,29.92
2015,16,Idaho,1065982,276912,25.98
2015,15,Hawaii,985914,309194,31.36
2015,17,Illinois,8661938,2853540,32.94
2015,18,Indiana,4363573,1088120,24.94
2015,19,Iowa,2074504,556591,26.83
2015,20,Kansas,1888479,599063,31.72
2015,21,Kentucky,2988790,696174,23.29
2015,22,Louisiana,3095255,718058,23.2
2015,23,Maine,961240,289553,30.12
2015,24,Maryland,4102486,1591614,38.8
2015,25,Massachusetts,4706644,1951689,41.47
2015,26,Michigan,6728347,1870473,27.8
2015,27,Minnesota,3700935,1284007,34.69
2016,28,Mississippi,1957022,426263,21.78
2016,29,Missouri,4121014,1172650,28.46
2016,30,Montana,712616,220606,30.96
2016,31,Nebraska,1243820,390972,31.43
2016,32,Nevada,2010610,471775,23.46
2016,33,New Hampshire,947586,346678,36.59
2016,34,New Jersey,6171172,2379802,38.56
2016,35,New Mexico,1391381,378233,27.18
2016,36,New York,13653592,4867812,35.65
2016,37,North Carolina,6877185,2091105,30.41
2016,38,North Dakota,495015,146323,29.56
2016,39,Ohio,7922061,2179681,27.51
2016,40,Oklahoma,2571636,648665,25.22
2016,41,Oregon,2857952,934530,32.7
2016,42,Pennsylvania,8921975,2747737,30.8
2016,44,Rhode Island,734045,250265,34.09
2016,45,South Carolina,3388476,922506,27.22
2016,46,South Dakota,565894,163261,28.85
2016,47,Tennessee,4527198,1182855,26.13
2016,48,Texas,17775280,5135687,28.89
2016,50,Vermont,439563,159855,36.37
2016,49,Utah,1783244,580935,32.58
2016,51,Virginia,5721173,2178685,38.08
2016,53,Washington,4996555,1755710,35.14
2016,54,West Virginia,1291757,268757,20.81
2016,55,Wisconsin,3933329,1160175,29.5
2016,56,Wyoming,390794,105917,27.1
2016,72,Puerto Rico,2372197,599891,25.29
2016,01,Alabama,3300713,815522,24.71
2016,02,Alaska,478951,141577,29.56
2016,04,Arizona,4626409,1335894,28.88
2016,05,Arkansas,1990448,445833,22.4
2016,06,California,26304241,8660470,32.92
2016,08,Colorado,3745506,1492881,39.86
2016,10,Delaware,662547,205069,30.95
2016,11,District of Columbia,480158,272875,56.83
2016,09,Connecticut,2467737,953588,38.64
2016,12,Florida,14703671,4208456,28.62
2016,13,Georgia,6785395,2066276,30.45
2016,16,Idaho,1087265,300410,27.63
2016,15,Hawaii,990937,316593,31.95
2016,17,Illinois,8665219,2942285,33.96
2016,18,Indiana,4392576,1124846,25.61
2016,19,Iowa,2087020,593162,28.42
2016,20,Kansas,1891936,621426,32.85
2016,21,Kentucky,2995509,702341,23.45
2016,22,Louisiana,3115020,727906,23.37
2016,23,Maine,966569,291138,30.12
2016,24,Maryland,4122508,1621129,39.32
2016,25,Massachusetts,4727515,2020346,42.74
2016,26,Michigan,6760402,1909830,28.25
2016,27,Minnesota,3725283,1296984,34.82
2017,28,Mississippi,1959341,428497,21.87
2017,29,Missouri,4150275,1205839,29.05
2017,30,Montana,723666,233817,32.31
2017,31,Nebraska,1259254,398780,31.67
2017,32,Nevada,2063180,513280,24.88
2017,33,New Hampshire,958005,353892,36.94
2017,34,New Jersey,6234538,2476707,39.73
2017,35,New Mexico,1391475,376500,27.06
2017,36,New York,13821132,4980162,36.03
2017,37,North Carolina,6991185,2190679,31.33
2017,38,North Dakota,495904,152439,30.74
2017,39,Ohio,7981885,2231350,27.96
2017,40,Oklahoma,2586414,660536,25.54
2017,41,Oregon,2901195,978417,33.72
2017,42,Pennsylvania,8960842,2817236,31.44
2017,44,Rhode Island,736969,246524,33.45
2017,45,South Carolina,3443851,964340,28.0
2017,46,South Dakota,574559,161738,28.15
2017,47,Tennessee,4588453,1254162,27.33
2017,48,Texas,18149346,5371489,29.6
2017,50,Vermont,439267,168166,38.28
2017,49,Utah,1827035,632442,34.62
2017,51,Virginia,5779221,2237216,38.71
2017,53,Washington,5101968,1811119,35.5
2017,54,West Virginia,1279350,258456,20.2
2017,55,Wisconsin,3958231,1202530,30.38
2017,56,Wyoming,387700,107097,27.62
2017,72,Puerto Rico,2343675,602519,25.71
2017,01,Alabama,3309607,844704,25.52
2017,02,Alaska,481561,138684,28.8
2017,04,Arizona,4711362,1383092,29.36
2017,05,Arkansas,2008398,470114,23.41
2017,06,California,26679273,8976247,33.65
2017,08,Colorado,3822068,1574697,41.2
2017,10,Delaware,673686,212083,31.48
2017,11,District of Columbia,494614,283519,57.32
2017,09,Connecticut,2493854,964607,38.68
2017,12,Florida,15020177,4454492,29.66
2017,13,Georgia,6896026,2131478,30.91
2017,16,Idaho,1111788,297658,26.77
2017,15,Hawaii,997744,328680,32.94
2017,17,Illinois,8707057,2997805,34.43
2017,18,Indiana,4435317,1189458,26.82
2017,19,Iowa,2093909,605820,28.93
2017,20,Kansas,1904528,642742,33.75
2017,21,Kentucky,3018953,723552,23.97
2017,22,Louisiana,3120277,742525,23.8
2017,23,Maine,971740,311607,32.07
2017,24,Maryland,4167604,1652580,39.65
2017,25,Massachusetts,4788573,2078671,43.41
2017,26,Michigan,6819310,1985564,29.12
2017,27,Minnesota,3778416,1362126,36.05
2018,55,Wisconsin,3992022,1198076,30.01
2018,56,Wyoming,393136,105583,26.86
2018,72,Puerto Rico,2288030,610703,26.69
2018,28,Mississippi,1977283,458694,23.2
2018,29,Missouri,4182787,1235894,29.55
2018,30,Montana,735761,233405,31.72
2018,31,Nebraska,1266440,410730,32.43
2018,32,Nevada,2096574,521834,24.89
2018,33,New Hampshire,970748,357579,36.84
2018,34,New Jersey,6189243,2524992,40.8
2018,35,New Mexico,1416481,391712,27.65
2018,36,New York,13672343,5091466,37.24
2018,37,North Carolina,7102144,2266801,31.92
2018,38,North Dakota,500779,148610,29.68
2018,39,Ohio,8027035,2325610,28.97
2018,40,Oklahoma,2607613,668161,25.62
2018,41,Oregon,2952380,1002543,33.96
2018,42,Pennsylvania,8994627,2862482,31.82
2018,44,Rhode Island,740695,254661,34.38
2018,45,South Carolina,3492355,989335,28.33
2018,46,South Dakota,582850,170398,29.24
2018,47,Tennessee,4640823,1275425,27.48
2018,48,Texas,18477097,5600777,30.31
2018,50,Vermont,445824,172589,38.71
2018,49,Utah,1871902,652445,34.85
2018,51,Virginia,5822007,2290457,39.34
2018,53,Washington,5215063,1913104,36.68
2018,54,West Virginia,1280781,273103,21.32
2018,01,Alabama,3337464,852037,25.53
2018,02,Alaska,485353,146428,30.17
2018,04,Arizona,4840304,1438493,29.72
2018,05,Arkansas,2021939,471275,23.31
2018,06,California,26815644,9171076,34.2
2018,08,Colorado,3900287,1625549,41.68
2018,10,Delaware,679700,212992,31.34
2018,11,District of Columbia,500176,302170,60.41
2018,09,Connecticut,2493396,987230,39.59
2018,12,Florida,15302125,4647230,30.37
2018,13,Georgia,6978172,2224033,31.87
2018,16,Idaho,1143747,316262,27.65
2018,15,Hawaii,995589,333573,33.51
2018,17,Illinois,8706376,3052684,35.06
2018,18,Indiana,4467893,1211066,27.11
2018,19,Iowa,2104792,610540,29.01
2018,20,Kansas,1911426,646143,33.8
2018,21,Kentucky,3039414,753785,24.8
2018,22,Louisiana,3125733,758653,24.27
2018,23,Maine,983382,310050,31.53
2018,24,Maryland,4167339,1700695,40.81
2018,25,Massachusetts,4832728,2152010,44.53
2018,26,Michigan,6869846,2031893,29.58
2018,27,Minnesota,3809229,1398128,36.7
2019,28,Mississippi,1979664,441751,22.31
2019,29,Missouri,4206162,1271281,30.22
2019,30,Montana,741950,249148,33.58
2019,31,Nebraska,1271770,422587,33.23
2019,32,Nevada,2136466,548919,25.69
2019,33,New Hampshire,979750,368237,37.58
2019,34,New Jersey,6191229,2551765,41.22
2019,35,New Mexico,1425988,394598,27.67
2019,36,New York,13664734,5166218,37.81
2019,37,North Carolina,7187077,2321185,32.3
2019,38,North Dakota,504375,153397,30.41
2019,39,Ohio,8049805,2356585,29.28
2019,40,Oklahoma,2619244,686509,26.21
2019,41,Oregon,2988118,1032316,34.55
2019,42,Pennsylvania,9028036,2917402,32.31
2019,44,Rhode Island,746952,260275,34.84
2019,45,South Carolina,3563204,1054559,29.6
2019,46,South Dakota,588029,174784,29.72
2019,47,Tennessee,4693962,1348224,28.72
2019,48,Texas,18772550,5776533,30.77
2019,50,Vermont,445558,172272,38.66
2019,49,Utah,1911592,664661,34.77
2019,51,Virginia,5872757,2325070,39.59
2019,53,Washington,5290324,1955632,36.97
2019,54,West Virginia,1281086,269706,21.05
2019,55,Wisconsin,4015285,1258379,31.34
2019,56,Wyoming,389847,113557,29.13
2019,72,Puerto Rico,2301735,626580,27.22
2019,17,Illinois,8694694,3108972,35.76
2019,13,Georgia,7080222,2301568,32.51
2019,16,Idaho,1170997,336655,28.75
2019,15,Hawaii,996668,335209,33.63
2019,18,Indiana,4502015,1212826,26.94
2019,19,Iowa,2123004,622253,29.31
2019,20,Kansas,1918081,652489,34.02
2019,21,Kentucky,3048442,765923,25.13
2019,22,Louisiana,3140201,784275,24.98
2019,23,Maine,991152,328999,33.19
2019,24,Maryland,4183858,1710230,40.88
2019,25,Massachusetts,4850576,2181743,44.98
2019,26,Michigan,6894627,2070795,30.03
2019,27,Minnesota,3847212,1433226,37.25
2019,09,Connecticut,2496420,994548,39.84
2019,12,Florida,15484502,4753637,30.7
2019,01,Alabama,3360058,885357,26.35
2019,02,Alaska,484058,146157,30.19
2019,04,Arizona,4944540,1492158,30.18
2019,05,Arkansas,2036456,475367,23.34
2019,06,California,26937872,9428484,35.0
2019,08,Colorado,3974943,1695602,42.66
2019,10,Delaware,687311,228199,33.2
2019,11,District of Columbia,505145,301429,59.67
2021,01,Alabama,3451208,946766,27.43
2021,72,Puerto Rico,2401409,683894,28.48
2021,04,Arizona,4980297,1615081,32.43
2021,05,Arkansas,2037763,515034,25.27
2021,06,California,26909869,9737817,36.19
2021,08,Colorado,4044182,1796240,44.42
2021,09,Connecticut,2534376,1067671,42.13
2021,10,Delaware,711104,253292,35.62
2021,11,District of Columbia,478774,301852,63.05
2021,12,Florida,15762122,5226846,33.16
2021,13,Georgia,7234271,2505076,34.63
2021,15,Hawaii,1021687,360681,35.3
2021,16,Idaho,1257566,386264,30.72
2021,17,Illinois,8730697,3242579,37.14
2021,18,Indiana,4559631,1316787,28.88
2021,19,Iowa,2137261,652742,30.54
2021,20,Kansas,1942133,687452,35.4
2021,21,Kentucky,3077867,830414,26.98
2021,22,Louisiana,3117186,824369,26.45
2021,23,Maine,1015078,365305,35.99
2021,24,Maryland,4273260,1818202,42.55
2021,25,Massachusetts,4934755,2300423,46.62
2021,26,Michigan,6971895,2208170,31.67
2021,27,Minnesota,3898742,1516426,38.9
2021,28,Mississippi,1968167,487663,24.78
2021,29,Missouri,4226634,1340643,31.72
2021,30,Montana,766758,266820,34.8
2021,31,Nebraska,1292536,445261,34.45
2021,32,Nevada,2192826,604626,27.57
2021,33,New Hampshire,1008318,405815,40.25
2021,34,New Jersey,6474427,2790646,43.1
2021,35,New Mexico,1450549,435930,30.05
2021,36,New York,13987094,5583687,39.92
2021,37,North Carolina,7245632,2529657,34.91
2021,38,North Dakota,506739,160847,31.74
2021,39,Ohio,8117973,2493910,30.72
2021,40,Oklahoma,2639889,737183,27.92
2021,41,Oregon,3030635,1101061,36.33
2021,42,Pennsylvania,9161945,3164985,34.54
2021,44,Rhode Island,773464,282326,36.5
2021,45,South Carolina,3598398,1134636,31.53
2021,46,South Dakota,590377,186946,31.67
2021,47,Tennessee,4814533,1467481,30.48
2021,48,Texas,19224688,6366437,33.12
2021,49,Utah,2010727,740097,36.81
2021,50,Vermont,462705,205621,44.44
2021,51,Virginia,5942672,2484460,41.81
2021,53,Washington,5401149,2104662,38.97
2021,54,West Virginia,1265439,305188,24.12
2021,55,Wisconsin,4076339,1326478,32.54
2021,56,Wyoming,395348,115618,29.24
2021,02,Alaska,485779,159290,32.79
2022,01,Alabama,3474924,1000791,28.8
2022,02,Alaska,489218,149646,30.59
2022,04,Arizona,5053656,1666139,32.97
2022,05,Arkansas,2057624,522807,25.41
2022,06,California,26866773,9935941,36.98
2022,08,Colorado,4084004,1875132,45.91
2022,09,Connecticut,2545188,1066404,41.9
2022,10,Delaware,724041,264384,36.52
2022,11,District of Columbia,479231,313274,65.37
2022,12,Florida,16104410,5518418,34.27
2022,13,Georgia,7332980,2544114,34.69
2022,15,Hawaii,1023843,362704,35.43
2022,16,Idaho,1280178,413168,32.27
2022,17,Illinois,8692839,3275418,37.68
2022,18,Indiana,4584460,1357012,29.6
2022,19,Iowa,2159511,697806,32.31
2022,20,Kansas,1944891,692543,35.61
2022,21,Kentucky,3091499,861336,27.86
2022,22,Louisiana,3096121,840106,27.13
2022,23,Maine,1030141,371558,36.07
2022,24,Maryland,4286216,1878705,43.83
2022,25,Massachusetts,4947384,2307709,46.65
2022,26,Michigan,6978952,2241852,32.12
2022,27,Minnesota,3918565,1533711,39.14
2022,28,Mississippi,1963322,486186,24.76
2022,29,Missouri,4236010,1364017,32.2
2022,30,Montana,785438,271742,34.6
2022,31,Nebraska,1300094,450517,34.65
2022,32,Nevada,2223852,601212,27.03
2022,33,New Hampshire,1024780,423270,41.3
2022,34,New Jersey,6482223,2821608,43.53
2022,35,New Mexico,1453129,442597,30.46
2022,36,New York,13892241,5556561,40.0
2022,37,North Carolina,7372120,2647999,35.92
2022,38,North Dakota,514786,163841,31.83
2022,39,Ohio,8130929,2600379,31.98
2022,40,Oklahoma,2661141,758917,28.52
2022,41,Oregon,3043930,1106239,36.34
2022,42,Pennsylvania,9151744,3209693,35.07
2022,44,Rhode Island,778191,308412,39.63
2022,45,South Carolina,3664922,1194503,32.59
2022,46,South Dakota,605735,191317,31.58
2022,47,Tennessee,4868110,1513960,31.1
2022,48,Texas,19597383,6651408,33.94
2022,49,Utah,2042912,775049,37.94
2022,50,Vermont,467643,206839,44.23
2022,51,Virginia,5978782,2522034,42.18
2022,53,Washington,5470209,2159683,39.48
2022,54,West Virginia,1262566,313086,24.8
2022,55,Wisconsin,4088500,1358421,33.23
2022,56,Wyoming,399796,118166,29.56
2022,72,Puerto Rico,2404438,717719,29.85
2023,01,Alabama,3498967,1010840,28.89
2023,02,Alaska,493892,159207,32.24
2023,04,Arizona,5150254,1726116,33.52
2023,05,Arkansas,2078254,544020,26.18
2023,06,California,26969649,10110325,37.49
2023,08,Colorado,4135123,1920057,46.43
2023,09,Connecticut,2559922,1098315,42.9
2023,10,Delaware,731427,266702,36.46
2023,11,District of Columbia,482919,318457,65.94
2023,12,Florida,16421870,5733894,34.92
2023,13,Georgia,7448119,2637795,35.42
2023,15,Hawaii,1024897,379209,37.0
2023,16,Idaho,1305704,419687,32.14
2023,17,Illinois,8710996,3334374,38.28
2023,18,Indiana,4614970,1394398,30.21
2023,19,Iowa,2166425,683500,31.55
2023,20,Kansas,1956252,700713,35.82
2023,21,Kentucky,3107275,865265,27.85
2023,22,Louisiana,3102893,837518,26.99
2023,23,Maine,1039460,384543,36.99
2023,24,Maryland,4297439,1880000,43.75
2023,25,Massachusetts,4975152,2377209,47.78
2023,26,Michigan,7007856,2289862,32.68
2023,27,Minnesota,3941575,1576206,39.99
2023,28,Mississippi,1980147,505672,25.54
2023,29,Missouri,4255810,1413984,33.22
2023,30,Montana,795845,275535,34.62
2023,31,Nebraska,1307246,461280,35.29
2023,32,Nevada,2253253,647151,28.72
2023,33,New Hampshire,1030965,420101,40.75
2023,34,New Jersey,6511081,2850285,43.78
2023,35,New Mexico,1471057,465561,31.65
2023,36,New York,13885155,5642907,40.64
2023,37,North Carolina,7487552,2754921,36.79
2023,38,North Dakota,520006,174474,33.55
2023,39,Ohio,8172692,2618045,32.03
2023,40,Oklahoma,2684421,770810,28.71
2023,41,Oregon,3050675,1148638,37.65
2023,42,Pennsylvania,9171006,3241343,35.34
2023,44,Rhode Island,786493,307099,39.05
2023,45,South Carolina,3745394,1232848,32.92
2023,46,South Dakota,615517,204967,33.3
2023,47,Tennessee,4931967,1562612,31.68
2023,48,Texas,20029447,6858406,34.24
2023,49,Utah,2085019,800376,38.39
2023,50,Vermont,471255,205807,43.67
2023,51,Virginia,6037339,2561362,42.43
2023,53,Washington,5511197,2229338,40.45
2023,54,West Virginia,1259219,302079,23.99
2023,55,Wisconsin,4116216,1389399,33.75
2023,56,Wyoming,403853,122876,30.43
2023,72,Puerto Rico,2407254,741119,30.79
