State,Year,Population,Lawful Permanent Residents Total,Lawful Permanent Residents Rank,Adjustments Total,Adjustments Rank,New Arrivals Total,New Arrivals Rank,Nonimmigrants Total,Nonimmigrants Rank,Naturalizations Total,Naturalizations Rank,Refugees Total,Refugees Rank,Asylees Total,Asylees Rank,Lawful Permanent Residents Per Million,Lawful Permanent Residents Per Million Rank,Adjustments Per Million,Adjustments Per Million Rank,New Arrivals Per Million,New Arrivals Per Million Rank,Nonimmigrants Per Million,Nonimmigrants Per Million Rank,Naturalizations Per Million,Naturalizations Per Million Rank,Refugees Per Million,Refugees Per Million Rank,Asylees Per Million,Asylees Per Million Rank
Alabama,2013,4830081,3850,35,2150,34,1700,34,126750,35,1810,39,130,42,20,36,796.674,49,444.713,48,351.961,48,26240.761,44,374.942,49,26.708,43,4.762,46
Alabama,2014,4841799,3690,35,2050,34,1640,37,141340,34,1270,42,110,43,10,40,761.081,48,422.57,47,338.511,47,29191.009,43,261.473,51,22.099,44,2.891,47
Alabama,2015,4852347,3930,35,2100,36,1830,35,151470,34,2830,32,110,43,30,40,809.505,49,432.574,48,376.931,49,31215.822,43,584.047,47,21.639,43,5.358,43
Alabama,2016,4863525,4740,35,2390,34,2340,36,152740,34,2330,38,120,43,20,43,973.779,48,492.03,47,481.749,47,31405.411,44,479.282,48,24.673,44,3.29,50
Alabama,2017,4874486,3800,37,1910,35,1900,37,158220,34,1050,43,60,44,40,36,779.775,48,390.81,48,388.964,48,32458.191,47,214.382,52,12.924,46,8.821,45
Alabama,2018,4887681,3740,37,2030,35,1710,37,178590,33,2470,37,30,44,60,40,764.575,48,414.921,47,349.655,47,36538.596,44,504.943,48,6.138,45,11.253,47
Alabama,2019,4903185,3670,36,2210,35,1460,37,187320,33,2980,36,20,44,40,40,748.289,48,450.523,48,297.766,48,38204.351,44,608.176,47,4.283,45,8.362,49
Alabama,2020,5033094,2840,33,1960,32,880,37,90050,32,3490,29,10,45,20,46,564.861,46,389.224,46,175.637,48,17890.784,43,693.41,40,1.192,45,2.98,52
Alabama,2021,5049196,2890,34,1970,34,920,35,49890,30,1610,41,0,,20,41,571.774,47,389.567,47,182.207,48,9881.375,39,319.655,51,0,,3.367,48
Alabama,2022,5076181,3750,34,2090,33,1660,35,115070,34,4000,32,40,44,30,43,738.153,47,412.121,45,326.033,48,22668.222,42,787.6,45,7.092,46,6.698,47
Alabama,2023,5117673,4230,37,2500,33,1730,37,153450,33,3070,34,110,44,20,44,825.961,47,488.112,47,337.849,48,29984.135,44,600.077,47,20.713,46,4.494,51
Alaska,2013,737068,1460,45,570,49,890,44,131920,33,1080,44,110,43,10,45,1980.821,22,777.405,35,1203.417,17,178976.702,11,1469.335,21,143.813,37,10.854,33
Alaska,2014,736283,1510,45,680,48,830,43,135860,35,1080,44,140,41,20,38,2044.051,22,922.2,30,1121.851,16,184520.083,10,1461.395,20,191.502,31,21.731,20
Alaska,2015,737498,1570,46,640,48,930,43,129400,35,960,45,150,41,30,38,2131.531,24,873.223,34,1258.308,17,175456.747,11,1307.122,23,197.967,32,39.322,16
Alaska,2016,741456,1730,46,630,48,1100,43,120600,35,970,47,130,42,10,44,2327.852,23,846.982,37,1480.87,16,162656.988,12,1310.934,25,172.633,36,17.533,27
Alaska,2017,739700,1550,46,740,47,800,45,113110,39,1010,45,70,43,20,44,2091.388,24,1005.813,29,1085.575,22,152914.695,13,1366.77,23,94.633,36,24.334,29
Alaska,2018,735139,1380,47,610,48,770,45,134730,38,1380,44,40,43,20,47,1870.395,30,822.974,39,1047.421,20,183271.463,13,1875.836,16,57.132,32,24.485,37
Alaska,2019,731545,1370,46,640,48,730,44,143370,35,1140,43,50,42,20,46,1878.217,26,876.228,33,1001.989,18,195978.375,13,1563.814,29,64.248,34,24.605,39
Alaska,2020,733017,820,48,490,48,340,46,31220,42,620,48,20,43,10,49,1122.757,31,661.649,34,461.108,25,42584.278,19,851.276,33,21.828,37,10.914,44
Alaska,2021,734420,760,47,430,48,330,45,48380,32,890,48,10,43,0,,1036.192,34,581.411,41,454.781,23,65875.112,6,1211.841,27,16.339,39,0,
Alaska,2022,734442,670,49,290,51,390,47,160780,30,1180,45,20,46,10,46,916.342,44,390.773,47,525.569,36,218909.049,7,1612.108,24,28.593,41,19.062,36
Alaska,2023,736510,1160,47,510,48,650,47,115520,38,1180,46,80,46,20,46,1570.922,34,691.097,39,879.825,28,156842.405,12,1598.077,28,107.263,39,23.082,36
Arizona,2013,6632764,16100,15,9590,15,6510,15,1952810,7,13170,13,3050,6,160,15,2426.892,18,1446.154,13,980.737,19,294418.436,6,1984.844,16,460.14,7,23.369,15
Arizona,2014,6730413,16910,15,10350,14,6560,15,1653320,7,11270,14,2960,6,260,11,2512.179,17,1538.093,13,974.086,20,245649.264,7,1674.191,17,440.389,6,38.333,11
Arizona,2015,6829676,18000,15,10550,12,7450,15,1690890,7,13750,13,3130,4,220,13,2635.118,18,1544.29,16,1090.828,19,247580.266,8,2012.98,15,458.733,6,31.627,20
Arizona,2016,6941072,20690,15,11690,11,9000,15,1599690,7,11370,15,4110,6,110,22,2981.384,16,1684.61,12,1296.774,18,230466.706,8,1638.652,18,591.695,5,16.136,28
Arizona,2017,7044008,19340,14,10480,13,8860,15,2498200,7,12460,15,2250,7,220,17,2746.164,18,1487.789,14,1258.374,19,354655.9,7,1769.163,16,319.278,8,30.806,24
Arizona,2018,7158024,18340,16,10960,15,7370,16,2931410,6,12070,16,1000,6,300,19,2561.461,18,1531.568,14,1029.893,21,409527.406,6,1686.499,19,139.424,9,41.771,30
Arizona,2019,7278717,18180,14,12250,11,5930,16,2816340,7,14280,15,1220,8,520,14,2497.83,17,1682.714,11,815.116,24,386928.356,7,1961.472,18,167.062,8,70.754,26
Arizona,2020,7187135,12520,16,8820,13,3700,17,1615480,5,13670,12,440,9,530,13,1741.445,16,1226.914,14,514.53,22,224774.406,5,1902.288,14,61.777,6,73.882,13
Arizona,2021,7274078,14470,14,10510,14,3960,16,486160,5,17510,12,420,9,150,20,1988.706,15,1444.307,13,544.399,17,66835,5,2407.453,14,58.014,8,20.621,26
Arizona,2022,7377566,16980,15,9830,14,7160,16,2044140,5,16400,13,1030,10,310,18,2302.114,17,1332.147,16,969.968,19,277074.851,5,2222.413,20,139.477,7,41.613,24
Arizona,2023,7473027,20190,15,11610,14,8580,16,2941190,5,13040,17,2610,6,790,6,2701.181,16,1553.052,13,1148.129,21,393573.715,5,1744.808,26,349.122,6,105.981,3
Arkansas,2013,2959400,2900,40,1570,38,1330,39,70200,40,1570,41,10,46,10,42,979.928,43,530.513,44,449.415,40,23721.362,47,529.499,47,2.365,48,3.379,47
Arkansas,2014,2967392,2790,39,1440,38,1350,40,100880,37,1670,38,10,46,10,43,941.231,45,485.949,45,455.282,39,33997.193,37,563.121,47,2.359,46,3.033,45
Arkansas,2015,2978048,2810,40,1460,39,1350,40,120540,36,1580,41,10,46,10,44,944.914,46,491.597,45,453.317,42,40477.521,36,529.206,48,4.365,49,4.029,48
Arkansas,2016,2989918,3160,39,1610,38,1550,39,114260,37,1810,39,10,47,30,33,1056.216,45,538.811,45,517.405,44,38216.433,38,605.033,47,2.676,48,11.037,34
Arkansas,2017,3001345,3070,39,1570,37,1500,39,133500,36,1330,42,60,45,120,26,1023.208,44,524.432,45,498.776,43,44479.392,38,442.468,47,19.658,43,39.649,21
Arkansas,2018,3009733,3000,39,1550,40,1450,38,140540,35,2070,39,60,42,160,28,996.766,46,516.325,45,480.441,40,46695.836,37,687.769,44,19.603,43,54.49,24
Arkansas,2019,3017804,2920,38,1770,36,1140,39,135020,37,2330,37,50,43,50,39,965.934,45,587.845,45,378.089,45,44740.149,39,771.091,45,15.243,43,16.568,44
Arkansas,2020,3014546,2220,38,1480,35,740,38,65340,37,2180,37,20,41,20,44,737.756,43,491.616,43,246.14,41,21673.91,35,723.824,38,7.63,43,7.961,47
Arkansas,2021,3026870,2590,36,1810,36,780,38,29550,38,2070,37,40,37,10,44,854.348,40,596.656,40,257.692,38,9761.899,40,685.196,43,13.545,40,3.964,45
Arkansas,2022,3047704,3390,35,1970,34,1420,38,68650,39,2530,39,70,39,60,34,1112.641,38,647.044,36,465.596,40,22524.169,43,829.477,43,21.328,43,18.374,37
Arkansas,2023,3069463,3150,38,1820,37,1330,39,98510,39,2070,38,150,41,90,31,1026.238,45,592.286,43,433.952,46,32094.213,42,675.037,46,48.217,44,29.973,31
California,2013,38260787,191810,1,98080,1,93730,1,11182800,1,164790,1,6380,2,7740,1,5013.122,4,2563.486,5,2449.636,4,292278.463,7,4307.073,4,166.724,32,202.217,3
California,2014,38596972,198380,1,101880,1,96500,1,10102620,1,140230,1,6110,2,8070,1,5139.756,4,2639.508,4,2500.248,4,261746.491,6,3633.29,4,158.251,35,209.032,3
California,2015,38918045,209570,1,106230,1,103340,1,10609330,1,155980,1,5720,2,8640,1,5384.854,4,2729.582,2,2655.272,4,272606.936,6,4007.884,3,146.924,35,222.056,3
California,2016,39167117,223140,1,101910,1,121230,1,10893310,1,151830,1,7910,1,6460,1,5697.152,4,2601.876,3,3095.275,3,278123.738,6,3876.466,4,201.93,34,164.934,2
California,2017,39358497,214240,1,101730,1,112520,1,14088510,1,157360,1,5160,1,9160,1,5443.374,4,2584.652,3,2858.722,4,357953.405,6,3998.222,4,131.103,33,232.834,3
California,2018,39461588,200900,1,100090,1,100810,1,15523050,1,163060,1,1360,4,10590,1,5090.951,4,2536.289,4,2554.662,5,393371.22,7,4132.094,4,34.515,37,268.337,3
California,2019,39512223,193090,1,106390,1,86700,1,15542200,1,148770,1,1840,4,14290,1,4886.918,4,2692.635,3,2194.283,5,393351.799,6,3765.037,4,46.593,38,361.584,2
California,2020,39521958,139000,1,86090,1,52910,1,7167200,1,112740,1,1190,1,9500,1,3516.931,2,2178.257,1,1338.674,3,181347.341,7,2852.541,5,30.16,31,240.246,1
California,2021,39142565,135180,1,95160,1,40020,1,1859670,3,171860,1,990,1,4970,1,3453.555,4,2431.164,3,1022.391,3,47510.198,8,4390.693,3,25.19,35,127.074,2
California,2022,39142414,182920,1,104430,1,78490,1,8162890,1,182000,1,2180,1,9270,1,4673.217,5,2667.899,5,2005.318,5,208543.219,8,4649.56,4,55.745,34,236.802,3
California,2023,39198693,205040,1,112100,1,92940,1,12482520,1,154520,1,3670,3,4540,1,5230.761,4,2859.866,3,2370.895,6,318442.276,7,3941.866,4,93.549,40,115.871,2
Colorado,2013,5269035,11110,18,6110,18,5000,19,559250,15,6260,20,1790,15,90,22,2108.166,21,1159.795,22,948.371,20,106138.411,15,1188.643,27,339.531,12,17.081,24
Colorado,2014,5350101,10870,19,5800,18,5070,19,532120,14,5970,20,1810,16,70,23,2032.111,23,1084.839,23,947.272,21,99459.618,16,1114.932,27,338.872,12,13.832,24
Colorado,2015,5450623,12660,18,6980,18,5680,18,586610,14,9420,18,1730,16,100,24,2322.854,20,1280.588,22,1042.266,21,107621.643,16,1728.793,19,317.395,13,17.98,28
Colorado,2016,5539215,14230,18,7640,18,6580,19,599670,15,8680,19,1650,21,120,21,2568.053,20,1379.979,20,1188.074,23,108258.3,16,1566.829,19,297.335,21,20.761,22
Colorado,2017,5611885,14520,18,8000,18,6520,19,723070,14,6100,22,1140,17,170,20,2587.366,19,1425.724,16,1161.642,21,128845.655,15,1087.692,30,203.853,17,30.649,25
Colorado,2018,5691287,13910,18,8100,18,5810,19,843030,14,7970,19,490,17,220,22,2444.614,20,1423.755,20,1020.859,22,148127.128,15,1400.913,26,85.394,18,37.777,31
Colorado,2019,5758736,13560,18,8380,18,5180,19,853520,14,10840,18,620,20,440,19,2354.336,19,1455.354,16,898.982,21,148212.733,15,1882.358,20,108.357,22,75.711,23
Colorado,2020,5787129,9220,18,5770,18,3460,18,402540,14,8260,19,190,23,380,16,1593.709,20,996.522,20,597.187,19,69557.461,13,1427.824,19,33.004,26,65.663,15
Colorado,2021,5814036,10150,17,7270,17,2870,17,167070,13,8820,19,270,20,140,22,1745.087,18,1250.766,18,494.321,19,28735.976,15,1516.846,21,45.579,17,23.22,25
Colorado,2022,5850935,11410,17,6140,17,5270,18,547570,14,9520,21,630,16,350,16,1950.116,20,1050.089,22,900.027,21,93585.897,15,1627.603,22,106.821,13,58.965,18
Colorado,2023,5901339,14340,17,8160,17,6180,19,736410,14,11450,19,1420,17,620,7,2430.465,19,1383.415,19,1047.051,23,124787.442,16,1939.729,21,240.962,13,104.553,4
Connecticut,2013,3594841,10990,19,5730,19,5260,17,218110,25,9250,18,550,29,110,19,3055.768,14,1592.56,12,1463.208,13,60672.503,22,2573.966,11,152.163,36,30.599,12
Connecticut,2014,3594524,11250,18,5600,19,5650,18,228400,25,8340,18,540,30,80,22,3130.317,13,1558.76,12,1571.557,13,63541.376,21,2319.083,10,151.063,37,22.534,18
Connecticut,2015,3587122,11100,19,4770,23,6330,17,246800,26,9840,16,520,30,190,16,3094.96,15,1330.593,20,1764.367,12,68800.559,21,2742.589,8,144.684,36,53.246,12
Connecticut,2016,3578141,12670,19,5390,22,7280,17,265220,27,9320,17,820,29,190,13,3540.665,13,1506.648,16,2034.017,10,74121.73,20,2603.866,9,228.89,33,53.1,10
Connecticut,2017,3573297,11940,20,5410,21,6530,18,273680,27,7440,18,430,30,230,16,3340.892,14,1514.288,13,1826.604,12,76590.611,22,2082.391,13,120.897,35,65.486,13
Connecticut,2018,3571520,11630,19,4960,24,6670,17,276620,27,10150,17,160,34,300,20,3256.037,14,1389.324,21,1866.712,9,77451.897,22,2842.487,7,43.679,36,82.878,15
Connecticut,2019,3565287,10630,20,5110,23,5520,17,272460,28,8460,20,140,34,280,22,2981.527,14,1434.387,17,1547.141,10,76419.374,24,2372.881,16,39.828,39,79.096,21
Connecticut,2020,3579918,7800,19,4450,21,3360,19,115360,29,6810,21,70,32,180,23,2179.38,11,1242.207,13,937.172,8,32225.319,23,1903.116,13,18.157,38,50.56,24
Connecticut,2021,3606607,8650,19,6380,18,2270,20,71390,23,11710,16,60,32,150,19,2397.267,10,1767.589,10,629.678,15,19794.782,20,3245.433,6,16.359,38,42.699,13
Connecticut,2022,3617925,11220,18,6060,18,5160,19,185020,25,11070,18,140,32,260,21,3100.949,11,1674.993,11,1425.955,12,51140.087,21,3059.765,12,39.249,39,71.864,15
Connecticut,2023,3643023,12650,18,5940,21,6710,17,244070,28,9320,20,670,30,120,25,3473.214,12,1630.788,12,1842.426,10,66997.107,23,2559.138,14,184.462,26,33.489,27
Delaware,2013,923576,2330,41,1190,42,1140,41,40880,48,1460,42,10,47,20,38,2517.389,16,1288.47,19,1228.919,16,44262.735,31,1580.812,19,6.496,46,19.489,21
Delaware,2014,932487,2090,43,1070,42,1010,41,44380,46,1180,43,0,,20,31,2235.956,20,1148.541,22,1087.415,18,47597.446,31,1260.071,21,0,,23.593,16
Delaware,2015,941252,2170,42,960,43,1200,41,48590,46,1630,40,10,47,40,33,2303.315,22,1024.168,28,1279.147,16,51618.483,29,1734.923,18,9.562,45,41.434,13
Delaware,2016,948921,2200,43,990,44,1210,42,55110,44,1390,43,0,,30,35,2322.638,24,1044.344,28,1278.294,19,58074.381,28,1460.606,21,0,,31.615,16
Delaware,2017,956823,2240,43,1030,42,1210,41,53040,48,1450,41,20,46,70,30,2345.261,21,1080.66,27,1264.602,17,55430.315,31,1518.567,20,16.722,45,71.069,11
Delaware,2018,965479,1830,43,760,44,1070,41,54100,48,1550,43,20,46,100,34,1896.468,29,786.138,42,1110.33,18,56037.469,31,1601.278,21,21.751,41,99.433,12
Delaware,2019,973764,2080,42,1150,42,940,41,53200,48,1550,42,0,,120,33,2140.149,21,1175.85,25,964.299,19,54628.226,35,1588.681,27,0,,126.314,9
Delaware,2020,991928,1300,43,830,42,470,42,22360,47,1030,42,0,,80,34,1311.587,28,837.762,27,473.825,24,22537.926,33,1042.414,26,0,,76.618,12
Delaware,2021,1005062,1830,40,1310,40,520,40,13460,46,1810,40,10,44,40,31,1820.783,17,1302.407,15,518.376,18,13390.219,30,1798.894,16,11.94,41,42.783,12
Delaware,2022,1020625,2390,40,1480,39,900,42,33920,48,2420,41,50,43,50,37,2336.803,16,1453.031,12,883.772,22,33238.457,32,2367.177,17,45.07,37,48.01,22
Delaware,2023,1036423,2400,42,1150,41,1240,40,46090,48,1900,39,130,42,60,36,2312.762,21,1112.48,23,1200.282,20,44468.33,34,1835.158,24,125.431,36,56.927,13
District of Columbia,2013,650581,2980,38,1710,37,1280,40,434500,18,1850,38,10,45,160,13,4582.058,5,2622.271,4,1959.787,8,667856.885,3,2849.76,8,16.908,44,249.008,2
District of Columbia,2014,662328,3170,38,1730,37,1440,39,498630,17,1630,39,30,44,180,13,4784.638,5,2604.45,5,2180.189,6,752841.492,3,2454.977,7,43.785,41,267.239,2
District of Columbia,2015,675400,2980,39,1610,38,1370,39,517110,17,1680,39,10,49,160,18,4406.278,6,2376.37,4,2029.908,8,765636.66,3,2493.337,11,7.403,46,235.416,2
District of Columbia,2016,685815,3110,40,1670,37,1440,40,508130,18,1740,40,10,48,80,24,4540.583,6,2437.975,4,2102.608,9,740917.011,3,2531.295,12,8.749,46,116.65,4
District of Columbia,2017,694906,2890,40,1560,38,1330,40,543930,18,1940,39,0,,70,29,4151.641,8,2237.713,7,1913.928,10,782736.082,3,2797.501,8,0,,102.172,7
District of Columbia,2018,701547,2780,40,1620,38,1150,40,535630,18,1610,42,0,,80,36,3955.544,8,2312.033,6,1643.511,12,763502.659,3,2289.227,9,0,,112.608,9
District of Columbia,2019,705749,2400,40,1420,40,980,40,547080,18,2090,39,10,47,30,42,3397.809,10,2010.63,8,1387.179,12,775179.278,3,2961.393,8,7.085,44,48.176,30
District of Columbia,2020,670917,1650,41,1070,40,580,40,220480,19,1460,39,0,,40,37,2463.792,9,1593.342,8,870.45,11,328623.362,3,2182.088,9,0,,52.167,21
District of Columbia,2021,669256,1920,39,1440,37,470,42,82280,19,1820,39,0,,60,28,2861.386,6,2156.126,7,705.261,12,122946.974,2,2722.426,8,0,,92.64,4
District of Columbia,2022,676725,2600,39,1520,38,1070,40,294500,19,2420,40,0,,80,31,3834.645,8,2247.589,7,1587.055,9,435185.637,3,3581.957,8,0,,112.306,8
District of Columbia,2023,687324,2520,39,1510,39,1010,43,460180,19,1570,41,0,,50,38,3662.028,10,2198.381,8,1463.647,16,669524.125,3,2278.401,15,0,,78.566,7
Florida,2013,19545621,102940,3,63850,2,39090,4,8089140,2,101770,3,3610,5,2110,3,5266.602,3,3266.665,1,1999.936,7,413859.401,4,5206.946,2,184.85,30,107.953,6
Florida,2014,19845911,109310,3,72250,2,37060,4,9180840,2,79640,2,3520,5,1410,3,5507.936,3,3640.397,1,1867.538,8,462606.176,4,4012.766,1,177.316,33,70.997,8
Florida,2015,20209042,118870,3,79770,2,39110,4,10253860,2,81960,3,2480,11,1720,3,5882.169,2,3946.996,1,1935.173,9,507389.613,4,4055.61,2,122.618,37,84.962,9
Florida,2016,20613477,136340,3,84910,2,51420,4,10689260,2,88760,3,2980,12,1060,3,6613.974,2,4119.344,1,2494.63,7,518557.059,4,4306.115,3,144.711,38,51.18,12
Florida,2017,20963613,127610,3,79730,2,47880,4,11036480,2,69490,3,1700,12,1090,5,6087.166,3,3803.257,1,2283.91,8,526459.06,4,3314.553,5,80.997,38,52.186,14
Florida,2018,21244317,130410,3,86290,2,44120,4,11128660,2,95980,2,590,14,3600,3,6138.347,2,4061.651,1,2076.697,8,523841.6,4,4517.82,1,27.631,39,169.363,7
Florida,2019,21477737,118140,3,78750,2,39390,4,11547670,2,96150,3,660,18,3070,3,5500.58,2,3666.681,1,1833.899,8,537657.762,4,4476.682,1,30.729,41,143.032,7
Florida,2020,21592035,65800,4,46610,3,19190,4,5835660,2,78640,2,320,15,2120,3,3047.374,5,2158.62,2,888.754,9,270269.014,4,3642.13,1,14.728,39,97.953,7
Florida,2021,21831949,83230,2,61940,2,21280,4,3157500,1,109240,2,220,23,810,5,3812.165,3,2837.264,2,974.902,5,144627.628,1,5003.447,1,10.169,42,37.239,17
Florida,2022,22379312,113650,2,59800,3,53860,3,7526320,2,105530,3,750,13,2280,3,5078.485,3,2672.021,4,2406.464,3,336306.809,4,4715.426,3,33.468,40,101.835,10
Florida,2023,22904868,155500,2,86090,2,69410,3,9870370,2,94210,3,1900,13,1540,4,6788.95,1,3758.764,1,3030.186,3,430928.962,4,4112.968,3,83.039,41,67.409,10
Georgia,2013,9972479,24390,11,14140,9,10250,11,612680,13,19530,9,2710,8,120,18,2445.43,17,1417.501,16,1027.929,18,61436.58,21,1958.791,17,271.748,16,11.632,31
Georgia,2014,10067278,23790,11,13370,9,10430,11,671750,13,15240,9,2690,9,70,24,2363.3,19,1327.668,19,1035.632,19,66726.478,20,1514.014,18,267.6,15,6.655,40
Georgia,2015,10178447,25920,9,13970,8,11950,11,749070,12,20790,8,2890,7,150,22,2546.459,19,1372.508,19,1173.951,18,73593.644,18,2042.944,14,283.835,15,14.442,33
Georgia,2016,10301890,29570,8,15190,8,14380,11,793900,12,18870,11,3020,11,80,25,2870.541,18,1474.778,18,1395.763,17,77063.432,18,1831.314,16,292.859,24,7.668,42
Georgia,2017,10410330,26240,11,13170,9,13070,12,854520,13,16460,10,1870,10,160,22,2520.765,20,1265.09,21,1255.676,20,82083.949,19,1581.218,18,179.533,22,14.889,38
Georgia,2018,10511131,26730,9,13390,9,13340,11,906890,13,16590,10,830,10,170,26,2542.543,19,1273.793,23,1268.75,16,86279.012,20,1578.327,22,79.249,20,15.793,44
Georgia,2019,10617423,27250,8,15620,7,11620,10,992140,13,25860,7,1180,9,120,34,2566.159,16,1471.544,15,1094.616,16,93444.426,19,2435.431,13,111.326,20,11.396,48
Georgia,2020,10732888,18280,9,10840,9,7440,10,470420,13,18690,9,380,12,160,26,1703.363,18,1009.793,19,693.569,16,43829.862,17,1741.749,15,34.939,24,14.442,43
Georgia,2021,10792060,20030,10,13860,9,6170,9,274610,9,16480,13,370,13,110,23,1856.272,16,1284.37,17,571.902,16,25445.559,17,1526.678,20,34.099,25,9.915,39
Georgia,2022,10931805,26310,11,14650,11,11670,10,674430,12,28440,8,820,12,170,23,2406.922,15,1339.76,15,1067.161,16,61694.478,18,2601.583,15,75.01,20,15.917,41
Georgia,2023,11064432,29470,11,16150,9,13310,11,933750,13,20900,13,2230,12,370,13,2663.128,17,1459.994,15,1203.135,19,84392.312,19,1888.936,23,201.276,23,33.802,26
Hawaii,2013,1408243,6230,25,1810,36,4420,21,2261580,5,3490,27,10,48,40,31,4421.112,6,1286,20,3135.112,2,1605955.79,1,2481.106,13,4.261,47,26.984,14
Hawaii,2014,1414538,5740,27,1870,36,3880,22,2552830,5,2930,28,0,,100,19,4058.569,8,1319.159,20,2739.41,3,1804711.503,1,2072.055,12,0,,67.16,9
Hawaii,2015,1422052,6510,27,2150,34,4370,21,2714800,5,3700,29,10,48,200,15,4580.001,5,1509.087,18,3070.914,3,1909075.055,1,2600.467,9,4.922,48,140.642,4
Hawaii,2016,1427559,6290,28,1880,36,4400,23,2765890,5,3670,29,0,,200,12,4402.62,7,1317.634,23,3084.986,4,1937494.702,1,2572.923,11,0,,140.099,3
Hawaii,2017,1424393,5400,31,1360,40,4040,22,2962610,5,3490,27,0,,370,13,3788.28,11,953.389,31,2834.892,5,2079907.722,1,2450.869,11,0,,259.76,2
Hawaii,2018,1420593,5430,32,1580,39,3850,22,3084550,5,2670,36,0,,380,15,3822.347,9,1112.212,27,2710.136,3,2171308.742,1,1876.681,15,0,,270.31,2
Hawaii,2019,1415872,4920,31,1760,37,3160,22,2968120,5,4110,29,0,,210,25,3472.772,9,1240.931,22,2231.84,4,2096320.148,1,2902.805,10,0,,146.2,6
Hawaii,2020,1451252,2710,35,1430,37,1280,28,1340380,6,2520,35,0,,50,36,1866.664,15,985.356,21,881.308,10,923599.761,1,1737.81,16,0,,35.142,28
Hawaii,2021,1447029,2450,37,1340,39,1110,30,49870,31,3800,28,0,,30,38,1694.506,19,928.109,25,766.398,10,34462.336,12,2626.761,10,0,,17.277,30
Hawaii,2022,1440359,2710,38,1160,42,1550,36,686720,11,4400,29,0,,40,41,1878.698,23,802.578,29,1076.121,15,476767.945,1,3052.711,13,0,,27.771,31
Hawaii,2023,1441387,4640,34,1410,40,3230,26,1495920,7,3000,35,0,,20,45,3219.815,14,978.918,27,2240.897,7,1037831.616,1,2078.554,18,0,,13.182,42
Idaho,2013,1611206,2120,43,1230,41,890,43,41210,47,1310,43,920,25,10,47,1315.785,35,764.024,36,551.761,34,25575.873,45,809.952,34,571.001,3,3.103,48
Idaho,2014,1631112,2200,41,1410,39,790,45,42830,48,1560,40,980,26,10,47,1349.999,33,865.667,34,484.332,37,26255.095,46,956.403,30,599.591,3,3.678,43
Idaho,2015,1651059,2530,41,1620,37,920,44,48290,47,1430,43,940,26,10,49,1532.956,33,978.766,31,554.19,36,29249.106,46,864.294,34,566.303,4,4.24,47
Idaho,2016,1682380,2560,41,1520,39,1040,44,50400,47,1530,41,1140,26,20,40,1522.843,34,902.293,33,620.549,39,29958.749,46,911.209,34,674.639,3,13.077,31
Idaho,2017,1717715,2710,41,1810,36,900,44,62890,44,1990,38,630,27,20,45,1577.095,34,1052.561,28,524.534,40,36610.846,43,1160.844,29,365.602,5,10.479,43
Idaho,2018,1750536,2730,41,1870,36,860,44,63110,44,2100,38,360,26,30,42,1558.38,35,1068.244,29,490.136,39,36054.1,45,1201.346,30,205.651,4,17.709,41
Idaho,2019,1787065,2310,41,1580,38,730,45,60050,46,1660,40,520,24,30,44,1293.741,37,885.25,32,408.491,41,33601.464,47,928.897,40,292.659,2,15.668,45
Idaho,2020,1849415,1850,39,1400,38,450,44,28510,44,1390,40,200,21,30,41,1001.938,34,756.996,30,244.942,42,15413.523,46,751.589,37,105.439,3,14.599,42
Idaho,2021,1904848,1710,41,1240,41,480,41,21400,43,1540,42,270,19,20,40,899.809,38,649.921,35,249.889,40,11232.917,34,806.889,41,141.219,2,12.074,35
Idaho,2022,1944299,2050,42,1320,40,730,44,42940,44,2550,38,450,24,10,47,1054.365,40,679.937,35,374.428,45,22082.509,45,1308.955,30,232.989,2,6.686,48
Idaho,2023,1971122,2460,40,1580,38,880,44,57330,45,1470,43,800,27,10,47,1249.035,38,802.081,31,446.954,45,29084.45,46,747.797,45,403.831,5,6.088,49
Illinois,2013,12895129,35990,6,17810,6,18170,6,1197630,9,27710,6,2450,10,680,7,2790.821,15,1381.452,17,1409.369,14,92874.216,18,2148.563,15,190.149,29,52.811,8
Illinois,2014,12884493,36540,6,17990,6,18550,6,1309780,8,26220,6,2580,10,350,8,2835.579,15,1396.097,17,1439.482,14,101655.61,15,2035.315,13,200.085,29,27.164,15
Illinois,2015,12858913,40480,6,20640,6,19840,6,1437220,8,25720,6,2660,9,380,10,3148.167,14,1604.957,13,1543.21,14,111768.623,15,2000.325,17,206.705,30,29.551,21
Illinois,2016,12820527,43210,6,20190,6,23020,6,1497940,8,26000,6,3130,10,290,11,3370.142,15,1574.662,13,1795.48,14,116838.879,15,2028.232,15,243.75,32,22.698,21
Illinois,2017,12778828,40530,6,18950,6,21580,6,1630550,8,24930,7,1700,11,640,9,3171.652,15,1483.078,15,1688.574,15,127598.086,16,1951.118,14,133.033,32,49.77,16
Illinois,2018,12723071,38290,6,18650,6,19630,6,1684800,8,26480,6,700,12,1220,7,3009.258,16,1466.155,16,1543.102,14,132420.703,16,2081.023,12,55.175,33,95.574,13
Illinois,2019,12671821,37960,6,21180,6,16780,6,1686950,8,30470,6,1010,12,2090,6,2995.465,13,1671.267,12,1324.198,15,133126.407,16,2404.706,15,79.31,31,165.012,5
Illinois,2020,12799088,27380,6,17060,5,10320,6,688510,8,19840,8,350,13,1210,6,2138.981,12,1332.751,12,806.229,14,53793.598,16,1549.72,18,27.424,33,94.772,8
Illinois,2021,12700641,26230,6,17720,6,8510,6,341870,8,22680,7,370,11,1040,4,2065.093,13,1394.811,14,670.281,14,26917.382,16,1786.052,17,29.29,33,81.728,6
Illinois,2022,12621821,34550,6,17120,8,17430,6,1020580,7,32520,6,910,11,1500,7,2737.402,13,1356.619,14,1380.783,13,80858.222,16,2576.411,16,71.86,26,118.763,7
Illinois,2023,12642259,37760,6,17880,8,19880,6,1444160,9,33560,6,2330,11,570,9,2986.65,15,1414.462,16,1572.187,13,114232.433,17,2654.51,12,184.461,27,45.008,20
Indiana,2013,6568713,7670,22,4560,22,3110,24,192020,27,4370,26,1540,18,140,16,1167.352,40,693.439,39,473.913,39,29232.21,39,665.123,44,234.597,21,21.009,19
Indiana,2014,6593644,8010,22,4780,21,3230,24,193850,28,4270,25,1610,17,50,25,1214.503,39,724.637,38,489.866,36,29399.373,42,648.2,42,244.781,20,7.886,37
Indiana,2015,6608422,8550,23,5180,21,3380,24,213460,28,4690,24,1790,15,80,25,1294.409,37,783.394,38,511.015,38,32300.449,41,709.095,42,271.32,17,12.56,36
Indiana,2016,6634304,9950,23,5640,20,4300,24,229330,28,5110,23,1890,17,70,27,1499.178,37,850.73,36,648.448,38,34567.906,41,770.691,39,285.335,25,10.099,35
Indiana,2017,6658078,10050,21,6200,20,3850,24,257730,28,6420,20,1040,22,150,23,1509.745,35,931.35,33,578.395,37,38708.769,41,964.242,35,156.502,30,22.98,31
Indiana,2018,6695497,9740,21,5990,21,3760,23,273330,28,6580,22,490,16,350,16,1454.858,37,894.034,36,560.825,37,40823.556,41,982.451,36,73.632,23,51.826,26
Indiana,2019,6732219,8530,22,5400,21,3130,23,304030,27,7390,21,870,13,720,11,1266.596,38,801.37,37,465.226,39,45160.444,38,1097.112,33,128.487,15,107.097,13
Indiana,2020,6790497,6550,22,4460,20,2090,22,142060,26,5110,23,320,14,560,12,964.731,37,657.242,35,307.489,36,20920.855,39,752.08,36,47.566,13,82.026,11
Indiana,2021,6815907,7220,22,5240,20,1980,22,77580,20,6110,22,200,24,380,11,1059.727,32,768.643,31,291.084,36,11382.784,33,896.726,38,29.637,32,55.605,11
Indiana,2022,6844545,8680,21,5090,20,3590,22,179550,27,8330,22,540,19,430,13,1268.309,35,743.22,34,525.09,37,26232.861,39,1217.028,36,78.603,19,62.239,17
Indiana,2023,6880131,10760,22,6380,18,4380,22,249720,26,8500,21,1450,16,120,27,1563.778,35,926.581,29,637.197,36,36295.239,39,1235.587,33,210.606,22,16.86,40
Iowa,2013,3092997,4110,34,2480,31,1630,35,69960,41,2500,34,600,27,20,37,1327.192,34,801.165,34,526.027,36,22618.515,48,809.247,35,193.34,28,6.143,45
Iowa,2014,3109350,4230,34,2550,30,1680,36,77410,41,2000,37,690,27,10,42,1358.805,32,820.107,36,538.698,33,24895.235,48,643.221,43,222.555,24,3.859,41
Iowa,2015,3120960,5050,31,3100,30,1950,34,79710,41,2570,36,780,27,50,30,1617.131,31,993.605,30,623.526,32,25539.578,48,824.746,36,250.884,22,16.982,31
Iowa,2016,3131371,5300,33,2710,31,2590,32,83720,41,2810,33,1000,27,30,34,1692.23,32,866.713,34,825.517,30,26734.616,48,895.774,35,317.752,18,9.9,36
Iowa,2017,3141550,5580,29,2900,31,2680,28,91590,41,2680,34,660,26,50,34,1775.238,31,922.156,34,853.082,27,29152.807,48,852.127,37,209.451,16,16.871,35
Iowa,2018,3148618,5480,31,3060,31,2420,30,94570,41,3610,30,540,15,40,41,1741.717,32,972.173,31,769.544,28,30035.717,49,1146.535,32,170.869,8,13.974,46
Iowa,2019,3155070,5530,28,3080,29,2460,26,91110,41,4980,27,750,16,130,31,1754.002,30,975.256,29,778.747,26,28878.282,49,1579.68,28,236.128,4,40.57,32
Iowa,2020,3191141,3910,29,2450,30,1460,25,41580,40,3540,28,160,27,110,30,1224.327,30,768.064,29,456.263,27,13029.822,49,1109.008,23,50.452,11,34.157,29
Iowa,2021,3198613,3450,30,2370,30,1080,33,26690,41,3300,30,250,21,30,35,1078.593,31,740.634,32,337.959,33,8344.242,48,1032.948,33,76.596,3,10.63,37
Iowa,2022,3202820,4740,30,2410,31,2320,29,61440,41,4100,31,500,21,40,42,1479.009,33,753.399,33,725.611,29,19184.032,48,1279.185,32,156.425,5,12.177,42
Iowa,2023,3218414,4900,32,2380,34,2520,31,82710,41,4310,30,1500,15,100,30,1523.421,36,739.805,37,783.616,32,25698.061,49,1339.169,31,465.757,3,31.382,29
Kansas,2013,2893212,5000,29,2990,28,2010,29,103290,38,2760,32,470,31,30,33,1728.183,27,1033.453,27,694.73,27,35701.497,36,954.303,31,163.832,34,8.987,39
Kansas,2014,2900475,4860,29,2810,28,2050,29,94330,38,2740,29,490,32,20,34,1675.932,29,969.496,28,706.436,27,32523.638,38,945.707,31,168.938,34,6.895,39
Kansas,2015,2909011,5420,29,3370,29,2050,33,99240,39,2830,33,740,28,50,32,1862.832,27,1159.157,24,703.676,30,34114.687,40,972.839,31,254.726,20,17.188,30
Kansas,2016,2910844,5710,31,3170,29,2540,33,102920,39,3050,31,910,28,30,38,1961.287,30,1088.688,24,872.599,29,35358.473,40,1047.806,31,313.998,20,8.589,40
Kansas,2017,2908718,5700,28,3270,29,2430,32,122460,38,3150,32,580,28,40,37,1960.658,27,1125.582,25,835.076,28,42102.053,39,1083.639,31,199.401,19,14.439,40
Kansas,2018,2911359,5630,30,3470,30,2170,34,135000,37,3940,28,380,25,130,30,1933.805,28,1190.166,25,743.639,30,46369.41,38,1351.946,27,131.554,10,45.34,29
Kansas,2019,2913314,5140,29,3150,28,1990,31,133430,38,3880,31,410,28,160,27,1763.971,28,1079.87,26,684.101,29,45800.762,37,1330.1,30,139.703,13,54.577,29
Kansas,2020,2938172,3940,27,2600,28,1350,26,62880,38,3040,31,130,28,80,33,1341.991,25,884.223,24,457.768,26,21402.083,37,1032.955,28,42.543,16,28.589,33
Kansas,2021,2938338,3400,31,2310,31,1090,32,28610,40,2960,32,170,26,40,34,1156.776,30,787.18,30,369.597,30,9737.477,42,1007.713,34,56.835,10,13.273,34
Kansas,2022,2937324,4450,32,2470,30,1980,33,89900,36,3760,33,350,26,50,38,1514.644,30,840.561,26,674.083,32,30605.408,35,1279.396,31,117.454,9,16.341,40
Kansas,2023,2951500,5280,30,2900,31,2370,34,119090,37,3910,32,780,28,40,41,1787.227,29,983.906,26,803.32,30,40348.975,37,1325.767,32,264.611,10,12.536,44
Kentucky,2013,4404659,5160,28,3560,27,1600,36,93190,39,3340,29,1600,16,60,25,1171.26,39,807.1,33,364.16,46,21157.37,49,758.515,40,363.933,10,12.487,29
Kentucky,2014,4414349,5630,28,3810,25,1820,33,92940,39,2660,30,1850,15,30,28,1276.292,36,864.001,35,412.292,44,21053.614,49,603.26,45,418.861,7,7.702,38
Kentucky,2015,4425976,5650,28,3870,27,1770,36,103920,38,2850,31,1990,14,50,31,1275.877,38,875.061,33,400.816,48,23479.341,49,643.022,44,449.618,7,11.975,37
Kentucky,2016,4438182,7100,26,4680,24,2420,35,114160,38,3050,30,2410,14,40,31,1599.303,33,1053.81,27,545.494,41,25722.469,49,688.12,44,541.889,6,9.463,37
Kentucky,2017,4452268,7540,25,5250,23,2290,35,125010,37,3450,28,1620,14,40,38,1692.845,32,1178.95,23,513.895,41,28078.049,49,773.763,42,363.41,6,9.433,44
Kentucky,2018,4461153,8730,24,6660,19,2080,35,135960,36,4330,26,900,9,120,31,1957.79,27,1491.767,15,466.023,42,30475.754,48,970.601,37,200.845,6,26.226,35
Kentucky,2019,4467673,6010,27,3860,27,2140,29,142260,36,4720,28,1420,6,140,30,1344.324,36,864.432,34,479.892,38,31842.527,48,1057.15,34,318.063,1,31.336,36
Kentucky,2020,4508318,3930,28,2790,27,1140,32,68000,36,2630,33,480,6,110,29,872.166,39,619.522,39,252.644,39,15083.452,48,582.701,46,105.583,2,24.399,35
Kentucky,2021,4507583,4400,27,3260,27,1140,29,41310,34,5050,23,670,4,70,26,976.355,36,722.56,33,253.795,39,9164.113,44,1119.669,31,148.417,1,15.973,31
Kentucky,2022,4519233,6480,25,3520,27,2960,25,85620,37,6380,24,1300,4,120,29,1432.987,34,778.008,30,654.978,34,18944.586,49,1411.744,26,287.659,1,26.996,32
Kentucky,2023,4550595,7830,24,4400,25,3430,24,121970,36,4700,27,2520,7,230,18,1719.995,31,965.808,28,754.187,33,26802.429,48,1031.953,38,552.675,1,51.202,14
Louisiana,2013,4624527,4360,31,2160,33,2200,27,252350,23,2540,33,220,39,40,27,941.718,44,466.642,47,475.076,38,54568.392,25,549.894,46,48.221,41,9.514,37
Louisiana,2014,4644013,4380,32,2300,32,2080,28,310840,22,2620,31,210,38,50,26,943.58,44,495.046,44,448.534,40,66933.06,19,563.306,46,45.435,40,10.982,29
Louisiana,2015,4664628,4700,33,2440,32,2260,30,337810,22,2960,30,140,42,60,28,1006.726,44,523.086,44,483.64,39,72420.137,20,633.705,46,28.941,42,13.72,34
Louisiana,2016,4678135,5780,30,2640,32,3150,26,350060,22,2850,32,170,41,180,15,1236.39,42,564.114,44,672.276,37,74829.82,19,608.362,46,36.981,42,37.836,14
Louisiana,2017,4670560,4690,34,2140,34,2550,29,370860,23,2160,37,80,42,370,14,1003.734,45,457.761,46,545.973,38,79402.898,20,462.471,46,17.985,44,79.22,10
Louisiana,2018,4659690,4890,34,2350,34,2540,28,414140,22,2990,35,20,45,590,12,1049.211,44,504.111,46,545.101,38,88877.157,19,640.815,46,5.151,46,126.403,8
Louisiana,2019,4648794,5120,30,2880,30,2240,28,403130,22,3130,35,10,45,500,17,1100.5,42,619.3,44,481.2,37,86717.329,20,673.293,46,2.581,48,106.909,14
Louisiana,2020,4652301,2580,36,1450,36,1130,33,201600,20,3650,26,0,,750,9,555.424,47,312.319,48,243.106,43,43332.751,18,784.558,35,0,,160.136,4
Louisiana,2021,4627971,3140,32,2030,32,1110,31,71090,24,2340,36,10,45,430,10,677.835,44,439.069,44,238.766,42,15360.727,26,505.189,45,1.513,45,92.697,3
Louisiana,2022,4593687,4820,29,2790,29,2030,31,203750,23,3250,34,20,45,380,15,1049.048,41,608.226,41,440.822,41,44354.567,24,706.622,47,4.789,47,82.94,13
Louisiana,2023,4588071,4940,31,2710,32,2230,35,319100,23,3480,33,110,45,180,21,1077.359,44,591.316,44,486.043,44,69550.362,21,759.143,44,22.885,45,38.796,23
Maine,2013,1328009,1210,48,740,47,470,46,106410,37,990,45,350,35,40,29,909.632,45,554.966,43,354.666,47,80125.21,19,743.971,41,263.552,17,30.873,11
Maine,2014,1330513,1380,46,850,45,530,46,81690,40,910,46,390,34,100,17,1038.697,43,638.851,40,399.846,45,61400.377,23,683.195,40,291.617,13,73.656,7
Maine,2015,1328262,1460,47,920,45,540,46,86150,40,1100,44,430,35,150,20,1102.192,43,694.14,40,408.052,46,64859.945,24,829.656,35,319.967,12,113.682,7
Maine,2016,1331317,1750,45,1100,42,650,46,85070,40,980,46,610,31,90,23,1312.986,41,827.752,38,485.234,46,63901.385,26,738.367,42,455.939,9,66.1,9
Maine,2017,1334612,1590,45,1010,43,590,46,94720,40,1040,44,290,35,60,32,1194.355,41,754.526,41,439.828,46,70971.189,25,778.503,41,215.793,15,44.957,17
Maine,2018,1339057,1750,44,1210,42,540,47,103670,40,1120,46,60,40,80,35,1306.143,40,905.861,34,400.282,46,77417.914,23,839.397,39,46.301,35,59.744,22
Maine,2019,1344212,1360,47,910,44,460,47,106020,40,1080,46,140,35,120,36,1012.489,44,673.257,42,339.232,46,78872.231,22,800.469,43,104.15,23,85.552,19
Maine,2020,1364571,940,46,590,46,340,45,52790,39,710,46,40,38,90,31,685.197,45,435.302,45,249.895,40,38685.418,21,520.31,47,32.245,27,65.222,16
Maine,2021,1378931,900,46,600,46,300,47,34570,35,1150,45,40,38,40,32,651.954,46,431.494,45,220.461,45,25072.321,18,836.155,40,29.008,34,31.184,19
Maine,2022,1390922,1360,45,770,44,600,46,65440,40,1240,44,100,34,150,26,979.926,43,550.714,43,429.212,42,47050.086,22,891.495,42,74.052,21,107.123,9
Maine,2023,1399646,1590,46,850,44,740,46,95150,40,1370,44,410,33,70,35,1136.716,42,607.296,42,529.42,41,67982.904,22,977.39,40,295.075,8,49.298,16
Maryland,2013,5923188,25360,9,13500,11,11860,9,349170,19,17750,11,1240,21,810,5,4281.647,8,2279.009,7,2002.638,6,58949.505,23,2997.035,7,209.684,24,136.92,4
Maryland,2014,5957283,24790,9,12310,11,12480,9,368820,19,13710,11,1230,21,660,7,4160.789,7,2065.707,7,2095.083,7,61911.277,22,2300.881,11,205.966,27,110.957,4
Maryland,2015,5985562,22630,12,10400,14,12230,10,408340,19,18390,10,1510,19,780,7,3780.263,9,1737.849,12,2042.415,7,68220.328,22,3072.393,6,251.94,21,129.645,5
Maryland,2016,6003323,26080,12,11540,13,14540,10,440430,19,19780,10,1650,20,590,8,4343.761,8,1921.436,10,2422.325,8,73364.535,21,3294.009,6,275.348,27,98.945,5
Maryland,2017,6023868,25100,12,10210,14,14890,10,459170,20,17730,9,1070,19,700,7,4165.928,7,1694.592,11,2471.336,7,76225.608,23,2943.126,7,177.959,23,116.868,5
Maryland,2018,6035802,24300,12,10730,16,13570,10,462030,20,12430,15,470,19,1040,8,4026.143,7,1778.223,12,2247.92,7,76548.402,24,2060.041,13,77.04,22,172.471,6
Maryland,2019,6045680,22300,12,11080,13,11220,11,472650,20,19350,11,760,15,1090,9,3689.246,8,1833.044,10,1856.201,7,78179.626,23,3200.467,7,126.206,16,180.79,4
Maryland,2020,6177935,16050,12,8650,14,7400,11,189400,21,19880,7,250,18,910,7,2597.794,7,1399.982,10,1197.811,5,30656.684,24,3217.58,3,39.819,20,146.489,5
Maryland,2021,6179403,17280,12,11600,11,5680,11,118420,17,19800,9,280,16,1090,3,2797.034,8,1877.204,9,919.83,6,19163.34,22,3203.708,7,45.635,16,176.069,1
Maryland,2022,6192440,24230,12,12750,12,11490,11,281510,20,22660,12,500,23,1550,6,3913.32,7,2058.478,9,1854.842,6,45460.594,23,3658.816,7,79.936,18,249.498,2
Maryland,2023,6217062,25520,12,12120,12,13400,10,382660,21,20420,14,1320,21,600,8,4104.35,7,1949.796,10,2154.555,8,61550.617,24,3284.349,9,212.801,19,95.704,5
Massachusetts,2013,6713315,29480,7,15330,8,14150,7,1056510,10,21400,8,1830,14,220,11,4391.571,7,2283.373,6,2108.198,5,157374.561,13,3188.291,5,272.444,15,32.324,10
Massachusetts,2014,6762596,29780,7,14710,7,15070,7,1156760,9,21610,7,1940,14,210,12,4403.043,6,2175.052,6,2227.991,5,171052.803,11,3195.223,5,286.428,14,30.905,14
Massachusetts,2015,6794228,28540,7,12880,9,15650,7,1246290,9,23550,7,1690,17,500,9,4199.888,7,1895.874,9,2304.015,5,183433.497,10,3466.766,5,248.446,23,72.856,11
Massachusetts,2016,6823608,35710,7,16190,7,19520,7,1350220,9,24580,7,1730,18,360,9,5232.716,5,2372.059,6,2860.657,5,197874.79,9,3601.76,5,254.118,30,52.025,11
Massachusetts,2017,6859789,37010,7,16270,7,20740,7,1423600,9,27740,6,1090,18,480,12,5395.21,5,2371.793,5,3023.417,3,207528.686,10,4043.71,3,158.168,27,69.973,12
Massachusetts,2018,6882635,33170,7,14890,7,18290,7,1502920,10,24830,7,460,20,480,13,4819.956,5,2162.834,7,2657.122,4,218364.478,10,3607.049,5,67.416,27,69.741,17
Massachusetts,2019,6892503,30830,7,15000,9,15840,7,1496110,10,22890,9,520,25,670,13,4473.556,5,2176.133,7,2297.424,3,217063.38,10,3321.58,6,74.864,32,97.642,15
Massachusetts,2020,6994598,22110,7,13190,8,8920,8,581580,12,20370,6,290,16,620,11,3160.582,4,1885.741,5,1274.841,4,83147.595,11,2911.819,4,41.604,19,88.926,10
Massachusetts,2021,7000474,22430,7,15400,8,7030,8,232670,12,24090,6,230,22,450,9,3204.212,5,2199.422,5,1004.789,4,33236.464,13,3440.481,5,32.855,26,63.567,9
Massachusetts,2022,7022468,32890,7,18480,7,14410,7,852270,9,27010,10,510,20,1050,8,4682.827,4,2631.411,6,2051.416,4,121363.173,11,3845.941,6,72.197,24,149.52,5
Massachusetts,2023,7066568,36730,7,18950,7,17790,8,1203490,12,24220,9,1230,22,360,14,5198.28,5,2681.075,5,2517.205,4,170306.859,11,3427.548,7,174.201,28,50.378,15
Michigan,2013,9913065,16950,13,9650,14,7310,13,1040330,11,12950,14,4650,3,210,12,1710.066,28,972.958,31,737.108,26,104945.04,17,1306.357,23,469.179,6,21.487,18
Michigan,2014,9929848,18190,13,10440,13,7750,13,701390,12,11810,13,4010,4,140,15,1831.347,27,1051.275,24,780.072,25,70634.213,18,1189.243,23,403.43,9,14.2,23
Michigan,2015,9931715,18050,14,10540,13,7510,14,726630,13,12470,14,3010,5,190,17,1817.309,29,1061.247,25,756.063,26,73162.49,19,1255.876,25,303.271,14,19.03,26
Michigan,2016,9950571,22570,13,10380,15,12190,13,724310,13,13580,13,4260,4,160,16,2268.111,25,1042.855,29,1225.256,22,72790.396,22,1364.344,23,427.915,11,15.778,29
Michigan,2017,9973114,18930,15,9510,15,9420,14,892670,12,12730,14,2540,6,210,18,1897.802,30,953.463,30,944.339,24,89507.55,18,1275.93,25,254.284,10,20.956,34
Michigan,2018,9984072,19850,14,12300,11,7560,14,1068710,12,14340,12,650,13,260,21,1988.167,26,1231.461,24,756.705,29,107041.796,17,1436.087,25,65.204,29,25.841,36
Michigan,2019,9986857,17410,15,9210,15,8210,13,1122100,12,16460,14,1150,10,320,21,1743.692,31,922.012,30,821.68,23,112357.171,17,1648.567,23,114.751,19,32.242,35
Michigan,2020,10072703,13950,14,7510,16,6450,12,587020,11,9070,18,490,5,200,21,1385.229,23,745.381,32,639.848,18,58278.2,15,900.851,31,48.944,12,19.657,36
Michigan,2021,10041351,13930,15,9110,15,4820,13,367310,6,11720,15,530,5,190,18,1387.164,25,907.348,26,479.816,21,36579.839,11,1166.775,30,53.18,12,18.424,29
Michigan,2022,10050877,16880,16,8420,16,8460,15,674300,13,16080,14,1140,7,330,17,1679.555,26,837.439,27,842.116,25,67088.971,17,1599.562,25,113.721,10,32.634,28
Michigan,2023,10083356,18980,16,9230,15,9750,15,1405630,10,16910,15,2450,9,280,17,1882.409,28,915.767,30,966.642,25,139401.108,14,1676.823,27,242.677,12,27.669,33
Minnesota,2013,5413479,12780,17,7750,17,5030,18,232840,24,10530,17,2210,13,100,21,2360.959,19,1431.427,14,929.532,21,43010.419,32,1944.406,18,408.979,9,17.918,22
Minnesota,2014,5451079,13760,17,7810,17,5950,17,240600,24,9180,16,2230,13,50,27,2525.005,16,1433.478,16,1091.527,17,44137.5,32,1683.336,16,409.46,8,9.356,31
Minnesota,2015,5482032,14740,17,9550,17,5190,20,269560,24,7530,20,2290,13,220,14,2688.237,17,1742.237,11,946,22,49171.001,33,1374.126,22,417.363,8,39.401,15
Minnesota,2016,5522744,15600,17,8570,17,7040,18,295880,24,8570,20,2640,13,140,19,2825.226,19,1551.222,14,1274.004,20,53573.912,31,1552.308,20,477.118,8,25.35,19
Minnesota,2017,5566230,16010,17,8820,17,7190,17,310640,25,7830,17,1620,13,130,25,2876.094,16,1585.094,12,1290.999,16,55807.432,30,1407.416,21,291.759,9,23.714,30
Minnesota,2018,5606249,16720,17,10660,17,6060,18,334190,25,8350,18,720,11,340,17,2982.565,17,1902.163,10,1080.402,19,59610.624,28,1489.053,23,128.963,11,60.825,21
Minnesota,2019,5639632,13830,17,8570,17,5260,18,345850,25,14090,16,850,14,480,18,2452.82,18,1520.312,14,932.508,20,61324.037,28,2498.745,12,150.364,10,85.289,20
Minnesota,2020,5710735,9830,17,5970,17,3860,16,145600,25,12020,15,390,11,370,17,1720.969,17,1044.874,17,676.095,17,25495.142,29,2104.107,10,67.767,5,64.09,17
Minnesota,2021,5718660,8770,18,6100,19,2680,18,60050,27,9400,18,270,17,240,15,1534.276,21,1065.809,21,468.466,22,10499.837,37,1643.742,19,47.738,13,41.443,15
Minnesota,2022,5721621,9760,20,4930,21,4830,21,182280,26,13490,17,540,18,300,19,1706.16,25,862.168,25,843.992,24,31857.231,34,2357.898,18,94.554,16,52.607,21
Minnesota,2023,5753048,11940,20,6110,20,5830,20,283380,25,21690,11,1530,14,150,23,2075.074,26,1062.567,24,1012.507,24,49257.541,29,3769.306,5,266.467,9,26.595,34
Mississippi,2013,2988711,1720,44,810,46,910,42,38680,49,970,46,0,,10,48,574.161,50,269.347,49,304.814,50,12942.703,51,325.558,50,0,,1.673,50
Mississippi,2014,2990468,1590,44,760,47,830,44,42730,49,930,45,10,47,10,45,530.686,50,254.81,50,275.877,50,14289.737,51,311.323,49,2.341,47,2.675,48
Mississippi,2015,2988471,1590,45,710,47,880,45,46520,48,950,46,20,45,10,48,531.041,50,237.245,51,293.796,50,15567.827,51,316.55,50,5.019,47,2.677,50
Mississippi,2016,2987938,2150,44,860,46,1290,41,48380,48,990,45,10,46,50,29,719.225,50,286.82,51,432.405,48,16192.438,51,331.332,50,4.351,47,18.073,25
Mississippi,2017,2988510,1790,44,790,46,1000,43,53900,47,660,47,10,48,100,27,599.965,50,264.346,50,335.619,50,18034.07,51,221.515,51,3.012,48,33.461,22
Mississippi,2018,2981020,1640,46,750,45,890,43,58180,47,1130,45,0,,170,27,551.154,50,252.934,50,298.22,50,19517.481,51,377.723,51,0,,55.686,23
Mississippi,2019,2976149,1690,44,940,43,750,43,60020,47,1140,44,10,46,60,38,566.84,50,315.844,50,250.995,49,20166.665,52,382.373,49,3.36,47,20.16,41
Mississippi,2020,2958536,1020,44,560,47,470,43,32460,41,970,44,10,44,150,28,344.765,51,187.593,52,157.172,49,10970.629,50,328.541,50,2.704,44,50.701,22
Mississippi,2021,2947209,1170,44,730,43,440,44,23050,42,950,47,0,,60,29,395.289,50,246.674,49,148.615,50,7820.619,50,322.678,50,0,,18.662,27
Mississippi,2022,2941939,1720,44,970,43,750,43,42870,45,1090,46,0,,60,33,584.988,50,328.695,49,256.294,50,14571.342,51,369.144,51,0,,20.395,35
Mississippi,2023,2943172,1840,44,1000,43,840,45,57800,44,1140,47,10,47,30,42,623.817,50,339.769,49,284.047,49,19636.977,51,388.357,51,3.058,48,11.552,45
Missouri,2013,6040715,6350,24,3860,24,2490,25,149230,31,4820,23,1270,20,40,28,1050.372,41,638.666,41,411.706,41,24704.195,46,797.422,36,209.909,23,7.284,41
Missouri,2014,6056202,6420,24,3760,26,2660,25,153060,32,4250,26,1390,19,20,35,1059.905,41,620.026,42,439.88,41,25273.596,47,701.76,38,229.847,22,3.137,44
Missouri,2015,6071732,6730,25,4200,25,2530,26,171860,32,4320,26,1430,20,70,27,1108.58,42,691.565,42,417.014,45,28304.774,47,711.164,41,235.682,26,10.87,39
Missouri,2016,6087135,6870,27,3670,27,3190,25,180490,33,4660,24,2070,15,60,28,1128.281,44,603.568,43,524.713,43,29650.895,47,765.056,40,340.39,15,9.035,39
Missouri,2017,6106670,7710,24,4650,25,3060,25,200620,32,5110,23,1230,15,50,35,1262.063,39,761.299,39,500.764,42,32852.766,46,836.626,38,200.928,18,7.697,49
Missouri,2018,6121623,7640,25,4900,25,2740,26,210340,32,5270,24,480,18,150,29,1247.708,43,800.768,41,446.94,44,34360.332,46,861.536,38,77.921,21,23.687,38
Missouri,2019,6137428,6900,25,4410,26,2490,25,211210,32,5500,25,680,17,150,28,1124.249,41,718.053,41,406.196,42,34414.09,46,896.304,41,110.796,21,24.766,38
Missouri,2020,6154744,5840,24,3980,25,1860,24,95250,31,4050,25,220,20,150,27,948.212,38,645.843,36,302.368,37,15476.354,45,658.029,42,35.095,23,25.021,34
Missouri,2021,6171374,5000,26,3280,26,1720,23,46900,33,4540,26,290,15,90,25,810.516,42,531.486,43,279.03,37,7599.604,51,735.655,42,46.991,15,14.746,33
Missouri,2022,6179414,7180,24,3990,23,3190,24,124360,33,4870,26,610,17,60,35,1161.599,36,644.883,37,516.716,38,20124.724,47,788.424,44,98.068,14,9.062,44
Missouri,2023,6208038,7240,26,3930,26,3310,25,175780,32,6120,25,1400,18,120,26,1166.069,40,632.889,41,533.18,39,28314.099,47,985.174,39,226.158,17,19.169,39
Montana,2013,1013569,450,52,230,52,220,52,51190,45,290,51,0,,0,,439.043,51,224.948,52,214.095,51,50503.715,29,290.064,51,0,,0,
Montana,2014,1021869,450,51,250,51,200,50,51740,45,300,51,0,,0,,441.348,51,246.607,51,194.741,52,50631.735,29,297.494,50,0,,0,
Montana,2015,1030475,520,52,320,51,200,52,52810,45,250,52,0,,0,,503.651,51,307.625,49,196.026,52,51246.27,31,241.636,52,0,,0,
Montana,2016,1040859,570,51,320,51,240,51,54050,45,310,51,30,44,10,45,543.782,51,311.281,49,232.5,51,51928.263,32,301.674,51,25.94,43,12.49,33
Montana,2017,1052482,530,51,320,51,210,51,58310,45,350,51,90,41,20,47,502.621,51,300.243,49,202.379,52,55399.522,32,329.697,49,87.412,37,15.202,37
Montana,2018,1060665,570,51,310,51,260,50,60130,46,400,51,120,36,10,51,532.685,51,289.441,49,243.244,51,56690.85,30,378.065,50,108.423,14,5.657,50
Montana,2019,1068778,550,51,380,51,170,51,61230,45,360,51,100,40,10,49,509.928,51,350.868,49,159.06,52,57287.856,31,337.769,51,90.758,27,13.099,46
Montana,2020,1087230,510,50,410,49,100,51,21160,49,290,51,30,39,20,45,464.483,49,376.185,47,88.298,51,19465.982,42,266.733,51,31.272,28,16.556,39
Montana,2021,1106522,400,51,270,51,140,51,13400,47,460,51,40,39,0,,365.108,51,241.297,50,123.811,51,12112.728,32,412.102,47,35.246,24,0,
Montana,2022,1122095,490,51,320,49,170,51,36010,47,350,51,50,42,0,,433.118,52,280.725,51,152.394,52,32088.192,33,311.025,52,41.886,38,0,
Montana,2023,1131302,590,51,380,50,200,51,49350,47,470,51,130,43,40,40,519.755,51,339.432,50,180.323,52,43621.42,35,418.986,49,114.912,38,34.474,25
Nebraska,2013,1865279,4140,33,2540,30,1600,37,312880,22,2420,36,1000,23,30,34,2220.043,20,1362.263,18,857.781,23,167740.59,12,1296.321,24,534.504,4,13.403,28
Nebraska,2014,1879321,4440,30,2700,29,1740,35,439080,18,2350,36,1080,24,20,32,2363.62,18,1437.753,15,925.866,22,233636.51,8,1249.387,22,572.547,4,11.706,27
Nebraska,2015,1891277,5230,30,3570,28,1670,37,491510,18,2220,38,1200,23,70,26,2767.442,16,1886.556,10,880.886,23,259881.551,7,1174.339,27,634.492,2,39.127,17
Nebraska,2016,1905616,5650,32,3510,28,2150,37,508910,17,2410,37,1440,23,40,32,2967.02,17,1839.3,11,1127.719,24,267057.476,7,1262.059,26,756.186,1,19.941,24
Nebraska,2017,1915947,5330,32,3290,28,2030,36,380140,22,2420,36,1190,16,60,31,2780.348,17,1718.732,10,1061.616,23,198405.801,11,1264.127,26,623.191,1,31.838,23
Nebraska,2018,1925614,6500,27,4580,27,1920,36,366070,24,3170,33,340,27,60,38,3375.547,13,2380.02,5,995.527,23,190103.001,12,1645.19,20,178.125,7,31.678,33
Nebraska,2019,1934408,4280,34,2560,33,1720,36,384490,24,3660,33,450,27,180,26,2212.046,20,1322.885,19,889.161,22,198761.068,12,1893.086,19,230.045,5,91.501,16
Nebraska,2020,1963387,2770,34,1710,34,1050,34,167040,24,2710,32,180,26,90,32,1409.809,22,872.981,25,536.827,21,85075.433,10,1377.721,20,89.641,4,43.293,26
Nebraska,2021,1964537,2920,33,1950,35,970,34,76020,21,2660,33,130,28,50,30,1483.81,24,991.582,23,492.228,20,38697.668,10,1351.463,25,63.628,5,25.96,22
Nebraska,2022,1972246,3760,33,1740,36,2020,32,196710,24,3200,35,320,27,40,39,1903.921,22,881.229,24,1022.692,17,99740.093,13,1620.995,23,161.237,3,21.803,34
Nebraska,2023,1987864,4780,33,2350,35,2420,32,285540,24,4330,29,870,25,130,24,2402.579,20,1184.186,21,1218.393,18,143642.12,13,2175.702,17,436.65,4,62.882,11
Nevada,2013,2775970,9890,20,5060,20,4820,20,2128680,6,8510,19,560,28,60,24,3561.278,9,1824.227,11,1737.05,10,766823.849,2,3064.514,6,202.812,25,20.894,20
Nevada,2014,2817628,10090,20,5530,20,4560,20,2293660,6,7890,19,570,29,100,18,3580.671,9,1961.579,8,1619.092,11,814037.552,2,2800.583,6,201.943,28,34.781,12
Nevada,2015,2866939,11050,20,5840,19,5210,19,2489730,6,7900,19,610,29,60,29,3855.331,8,2037.713,6,1817.618,10,868428.662,2,2755.552,7,212.77,29,19.533,24
Nevada,2016,2917563,11560,20,5660,19,5890,20,2432380,6,8920,18,750,30,80,26,3960.497,11,1941.004,9,2019.494,11,833701.62,2,3058.374,7,258.092,28,25.706,18
Nevada,2017,2969905,12730,19,7090,19,5640,20,2789900,6,7440,19,470,29,150,24,4287.343,6,2386.945,4,1900.397,11,939389.644,2,2504.457,10,157.918,29,50.843,15
Nevada,2018,3027341,10850,20,5660,22,5190,20,2910090,7,7370,21,210,29,190,24,3584.334,11,1869.297,11,1715.036,11,961267.991,2,2434.149,8,70.359,25,61.44,20
Nevada,2019,3080156,11720,19,7370,19,4350,20,2879100,6,9050,19,220,31,220,24,3804.353,6,2393.385,5,1410.967,11,934726.358,2,2936.864,9,72.724,33,71.1,25
Nevada,2020,3116967,7040,20,4660,19,2380,20,1276480,7,10200,16,80,31,170,25,2258.606,10,1494.401,9,764.204,15,409524.708,2,3272.412,2,25.987,35,54.861,20
Nevada,2021,3148141,7290,20,5050,21,2240,21,251960,10,8060,20,100,30,110,24,2315.652,12,1604.439,11,711.213,11,80033.264,3,2560.559,12,30.812,31,33.353,18
Nevada,2022,3176116,8590,22,3740,24,4840,20,1462570,6,10570,19,160,31,170,24,2703.617,14,1178.798,17,1524.818,11,460490.423,2,3328.909,10,49.431,36,53.839,19
Nevada,2023,3214363,11490,21,6290,19,5200,21,2387430,6,11830,18,420,32,120,28,3575.514,11,1957.775,9,1617.739,12,742737.519,2,3679.423,6,130.352,34,35.777,24
New Hampshire,2013,1326622,2230,42,1400,40,830,45,60920,43,1590,40,380,34,10,41,1678.7,31,1056.82,25,621.88,30,45919.636,30,1197.779,26,285.688,13,9.799,36
New Hampshire,2014,1333341,2100,42,1190,41,920,42,65220,42,1410,41,350,36,0,,1577.241,31,890.245,33,686.996,29,48916.969,30,1059.744,29,258.749,17,0,
New Hampshire,2015,1336350,2160,43,1160,42,1000,42,69110,42,1570,42,450,34,20,42,1615.595,32,865.043,35,750.552,27,51713.997,28,1174.842,26,333.745,11,17.211,29
New Hampshire,2016,1342307,2330,42,1310,41,1020,45,74970,42,1500,42,520,35,20,39,1737.307,31,974.442,31,762.866,32,55851.605,30,1118.224,30,383.668,13,17.88,26
New Hampshire,2017,1348787,2280,42,1260,41,1020,42,78270,42,1900,40,340,33,30,41,1689.666,33,936.397,32,753.269,31,58026.953,28,1406.449,22,251.337,11,21.501,33
New Hampshire,2018,1353465,2200,42,1290,41,910,42,80240,42,1820,40,160,31,20,45,1625.458,33,951.632,33,673.826,33,59282.656,29,1341.003,28,119.693,13,15.516,45
New Hampshire,2019,1359711,2050,43,1170,41,880,42,78630,42,1590,41,250,30,40,41,1504.732,32,856.8,35,647.932,30,57827.73,30,1165.689,32,182.392,7,27.947,37
New Hampshire,2020,1378756,1450,42,880,41,570,41,30850,43,990,43,60,34,30,42,1048.772,33,638.257,37,410.515,29,22374.517,34,715.137,39,42.067,18,18.132,37
New Hampshire,2021,1387677,1680,42,1240,42,440,43,13540,45,1960,38,60,33,10,43,1207.053,29,889.977,27,317.077,34,9756.593,41,1412.432,24,42.517,20,10.089,38
New Hampshire,2022,1396678,2090,41,1160,41,920,41,46810,42,1720,42,90,36,50,36,1493.544,31,832.69,28,660.854,33,33515.957,31,1228.63,35,61.575,32,36.515,26
New Hampshire,2023,1402199,2220,43,1110,42,1110,42,63920,42,1520,42,170,40,30,43,1586.08,33,791.614,34,794.466,31,45582.688,33,1086.864,35,121.951,37,22.108,37
New Jersey,2013,8856972,53080,5,26350,5,26740,5,1010850,12,41170,5,440,33,660,8,5993.245,2,2974.719,3,3018.526,3,114130.315,14,4648.654,3,50.017,40,74.518,7
New Jersey,2014,8864525,51610,5,24660,5,26950,5,1072630,11,32940,5,360,35,910,4,5821.97,2,2782.213,3,3039.757,2,121002.31,14,3715.822,3,40.95,42,102.318,5
New Jersey,2015,8867949,49800,5,20730,5,29070,5,1169230,11,34860,5,310,36,1020,5,5615.842,3,2337.406,5,3278.436,2,131849.089,14,3930.672,4,35.408,41,114.795,6
New Jersey,2016,8870827,56190,5,21440,5,34740,5,1252330,10,40340,5,540,33,860,5,6333.908,3,2417.249,5,3916.659,2,141173.985,14,4547.941,2,60.423,41,97.06,6
New Jersey,2017,8885525,54440,5,20440,5,34000,5,1321310,11,38610,5,380,32,1160,3,6126.819,2,2300.145,6,3826.673,2,148704.1,14,4345.382,2,42.654,42,131,4
New Jersey,2018,8886025,54420,5,24050,5,30380,5,1392750,11,40090,5,160,32,1590,5,6124.673,3,2705.934,2,3418.739,2,156734.31,14,4511.466,2,18.231,44,179.158,5
New Jersey,2019,8882190,48750,5,23010,5,25740,5,1451350,11,36660,5,250,29,2830,4,5488.962,3,2590.69,4,2898.272,2,163399.454,14,4127.473,3,28.146,42,318.728,3
New Jersey,2020,9272794,30280,5,16570,6,13710,5,603570,10,22190,5,120,29,1820,4,3264.927,3,1786.948,6,1477.98,2,65090.414,14,2392.483,7,13.372,40,196.273,3
New Jersey,2021,9270541,37840,5,27230,5,10620,5,364640,7,39950,5,70,31,520,8,4082.178,1,2937.153,1,1145.025,2,39332.872,9,4309.673,4,7.767,43,56.307,10
New Jersey,2022,9295227,54960,5,31690,5,23260,5,896880,8,54950,5,250,30,920,9,5912.497,1,3409.707,1,2502.79,2,96488.553,14,5911.851,1,26.68,42,99.191,12
New Jersey,2023,9379642,60780,5,28420,5,32360,5,1276960,11,38820,5,550,31,450,11,6480.205,3,3030.073,2,3450.132,2,136141.124,15,4138.964,2,58.638,43,48.189,18
New Mexico,2013,2092273,3660,36,2120,35,1550,38,587510,14,2370,37,290,38,0,,1751.206,26,1012.774,29,738.431,25,280797.487,9,1133.217,28,140.039,38,0,
New Mexico,2014,2089568,3360,36,1900,35,1460,38,307390,23,2430,35,160,40,20,36,1607.509,30,911.193,31,696.316,28,147108.398,13,1161.006,24,78.007,39,9.093,34
New Mexico,2015,2089291,3630,36,2110,35,1520,38,310230,23,2450,37,210,39,30,39,1735.517,30,1009.912,29,725.605,28,148484.342,13,1173.604,28,99.077,39,13.402,35
New Mexico,2016,2091630,4100,37,2250,35,1850,38,311790,23,2520,35,340,39,10,50,1962.106,29,1077.628,25,884.478,27,149063.171,13,1206.714,29,163.509,37,2.869,51
New Mexico,2017,2091784,4000,36,2330,33,1670,38,599910,16,3310,30,160,40,60,33,1913.199,29,1114.36,26,798.84,29,286794.43,8,1583.337,17,74.099,39,28.684,26
New Mexico,2018,2092741,4300,36,2870,32,1420,39,750250,15,3580,31,60,41,110,32,2052.81,23,1372.363,22,680.447,32,358498.734,8,1710.675,18,29.626,38,51.607,27
New Mexico,2019,2096829,3740,35,2520,34,1220,38,716270,16,3360,34,130,36,120,35,1781.738,27,1200.861,23,580.877,34,341595.81,8,1603.85,25,62.952,36,55.799,28
New Mexico,2020,2118606,2930,32,2200,31,730,39,344730,15,2290,36,30,40,30,40,1380.625,24,1038.419,18,342.206,32,162715.012,8,1078.539,24,12.744,41,15.576,40
New Mexico,2021,2117333,2820,35,1990,33,830,37,28710,39,2560,34,40,40,30,37,1332.336,26,941.751,24,390.586,28,13558.094,29,1207.179,28,17.003,37,15.113,32
New Mexico,2022,2113868,3330,37,1870,35,1460,37,385300,16,2970,37,110,33,140,27,1573.892,27,883.688,23,690.204,30,182273.444,10,1406.427,28,49.672,35,64.81,16
New Mexico,2023,2121164,4410,36,2940,30,1480,38,619580,15,2890,36,290,36,60,37,2080.461,25,1384.617,17,695.844,35,292092.455,8,1361.517,29,134.832,33,25.929,35
New York,2013,19624447,133600,2,61400,3,72200,2,6805730,4,107330,2,3970,4,7310,2,6807.886,1,3128.598,2,3679.288,1,346798.664,5,5469.199,1,202.044,26,372.291,1
New York,2014,19651049,141410,2,59860,3,81540,2,7419710,3,77720,3,4080,3,6750,2,7195.85,1,3046.351,2,4149.499,1,377573.177,5,3954.852,2,207.724,26,343.442,1
New York,2015,19654666,130010,2,49340,4,80670,2,7773970,3,90370,2,4050,3,6620,2,6614.714,1,2510.549,3,4104.165,1,395527.963,5,4597.789,1,206.16,31,336.663,1
New York,2016,19633428,159880,2,59340,3,100540,2,8163490,3,93380,2,5030,3,5400,2,8143.153,1,3022.498,2,5120.654,1,415795.194,5,4755.97,1,255.992,29,274.939,1
New York,2017,19589572,139410,2,51750,4,87660,2,8486220,3,86410,2,3100,3,5410,2,7116.49,1,2641.865,2,4474.626,1,433200.94,5,4410.867,1,158.145,28,276.167,1
New York,2018,19530351,134840,2,51990,4,82850,2,8807980,4,81400,3,1280,5,6970,2,6904.075,1,2662.164,3,4241.91,1,450989.13,5,4168.077,3,65.59,28,356.624,1
New York,2019,19453561,124030,2,54770,4,69260,2,8969040,4,85440,4,1850,3,7930,2,6375.491,1,2815.269,2,3560.222,1,461048.648,5,4392.204,2,94.841,26,407.586,1
New York,2020,20105171,81760,2,43270,4,38480,2,3826290,4,56270,4,630,4,4450,2,4066.367,1,2152.232,3,1914.134,1,190313.626,6,2798.932,6,31.136,29,221.137,2
New York,2021,19848276,76130,4,47180,4,28940,2,1183340,4,89990,3,710,3,1800,2,3835.446,2,2377.184,4,1458.263,1,59619.233,7,4533.845,2,35.771,23,90.537,5
New York,2022,19703747,111310,3,54410,4,56900,2,4889510,4,104050,4,1400,3,8090,2,5649.129,2,2761.454,3,2887.674,1,248151.126,6,5280.823,2,71.002,27,410.379,1
New York,2023,19737367,127980,3,53550,4,74440,2,7172240,4,91480,4,3850,2,960,5,6484.35,2,2713.027,4,3771.324,1,363384.032,6,4634.813,1,195.112,25,48.487,17
North Carolina,2013,9843336,16800,14,9970,13,6830,14,314490,21,12150,15,2380,12,160,14,1706.535,30,1012.97,28,693.566,28,31949.128,38,1234.338,25,241.483,18,16.153,25
North Carolina,2014,9932887,17150,14,9750,15,7410,14,354080,20,11160,15,2440,12,160,14,1726.789,28,981.185,27,745.604,26,35647.541,36,1123.54,26,245.951,19,16.209,21
North Carolina,2015,10031646,18500,13,10340,15,8150,13,402300,20,11570,15,2480,12,150,19,1843.666,28,1031.137,27,812.529,25,40103.489,37,1153.25,29,246.719,24,15.252,32
North Carolina,2016,10154788,20810,14,10900,14,9910,14,439720,20,12490,14,3340,7,140,18,2049.378,28,1073.287,26,976.091,26,43301.938,36,1230.159,28,329.106,16,13.885,30
North Carolina,2017,10268233,21180,13,11710,10,9480,13,478600,19,13890,13,1920,9,160,21,2063.062,25,1140.118,24,922.944,26,46609.967,37,1352.716,24,186.595,21,15.874,36
North Carolina,2018,10381615,20840,13,12210,12,8630,13,500390,19,13620,14,930,7,180,25,2007.202,25,1175.636,26,831.566,25,48199.919,36,1312.127,29,89.967,17,17.338,42
North Carolina,2019,10488084,18420,13,10640,14,7780,14,522300,19,17310,13,1260,7,130,32,1756.183,29,1014.294,27,741.89,27,49798.991,36,1650.826,22,119.66,18,12.109,47
North Carolina,2020,10449652,13990,13,8900,12,5090,14,251020,17,13260,13,470,7,180,24,1338.705,27,851.225,26,487.48,23,24021.948,30,1269.037,22,44.882,15,17.321,38
North Carolina,2021,10564320,15730,13,10980,13,4760,14,164370,14,13170,14,500,6,200,17,1489.164,23,1039.064,22,450.1,24,15558.787,25,1246.933,26,47.518,14,18.553,28
North Carolina,2022,10710793,21870,13,11580,13,10280,12,380780,18,13630,16,1150,6,300,20,2041.679,19,1081.526,21,960.153,20,35550.869,29,1272.175,33,107.555,12,28.009,30
North Carolina,2023,10881189,23760,13,12110,13,11660,13,533760,17,21320,12,2610,5,330,16,2183.953,23,1112.654,22,1071.298,22,49053.371,30,1958.885,19,240.231,14,29.96,32
North Dakota,2013,722036,1230,46,830,45,410,47,48040,46,530,47,460,32,10,43,1709.056,29,1142.602,23,566.454,32,66529.924,20,736.805,42,631.547,2,12.465,30
North Dakota,2014,737401,1350,47,1010,43,340,49,43010,47,530,49,580,28,10,44,1832.11,26,1375.1,18,457.011,38,58326.474,25,711.96,36,789.258,1,12.205,26
North Dakota,2015,754066,1600,44,1170,41,430,47,37410,49,560,48,500,31,20,43,2121.83,25,1554.241,15,567.59,35,49604.411,32,743.967,40,659.094,1,23.871,23
North Dakota,2016,754434,1600,47,1020,43,570,47,34450,49,1050,44,540,32,10,47,2114.168,27,1354.658,22,759.51,33,45662.046,35,1386.47,22,715.768,2,9.278,38
North Dakota,2017,754942,1470,47,900,44,580,47,36680,49,610,49,420,31,10,51,1948.494,28,1185.522,22,762.973,30,48590.488,36,804.035,39,556.334,2,7.948,48
North Dakota,2018,758080,1670,45,1090,43,590,46,40700,49,510,50,160,33,30,44,2208.21,22,1435.205,19,773.005,27,53682.989,35,678.029,45,213.698,2,34.297,32
North Dakota,2019,762062,1490,45,900,45,600,46,42720,49,720,48,130,38,30,43,1960.47,25,1177.07,24,783.401,25,56061.055,33,943.493,39,166.653,9,40.679,31
North Dakota,2020,779563,1000,45,720,44,280,47,21710,48,680,47,50,37,30,43,1284.053,29,923.594,23,360.458,31,27843.805,27,876.132,32,60.29,7,32.069,31
North Dakota,2021,777966,1000,45,660,44,330,46,11440,49,1320,43,30,41,0,,1280.262,28,850.937,29,429.325,26,14708.869,28,1701.874,18,38.562,21,0,
North Dakota,2022,781057,1160,46,490,47,680,45,21610,49,980,47,60,41,10,49,1490.288,32,623.514,38,866.774,23,27668.915,38,1259.831,34,72.978,23,10.243,43
North Dakota,2023,789047,1780,45,630,46,1150,41,36740,49,1780,40,190,39,10,48,2252.084,22,795.897,33,1456.187,17,46556.162,31,2260.955,16,234.46,16,10.139,46
Ohio,2013,11576684,13820,16,8090,16,5730,16,317310,20,10660,16,2790,7,130,17,1193.692,38,698.387,38,495.306,37,27409.662,42,921.162,32,240.829,19,11.057,32
Ohio,2014,11602700,14640,16,8650,16,5990,16,333690,21,9030,17,2820,7,110,16,1261.861,38,745.258,37,516.604,34,28759.599,45,778.44,35,242.616,21,9.136,33
Ohio,2015,11617527,16050,16,9640,16,6410,16,365960,21,9580,17,2990,6,220,12,1381.533,35,830.039,37,551.494,37,31500.336,42,824.616,37,257.284,18,19.109,25
Ohio,2016,11634370,17250,16,9070,16,8180,16,385660,21,10030,16,4190,5,150,17,1482.762,38,779.845,40,702.917,36,33147.906,42,862.015,36,360.484,14,12.807,32
Ohio,2017,11659650,16890,16,9000,16,7900,16,407120,21,12430,16,2870,5,270,15,1448.929,37,771.807,38,677.122,35,34916.657,45,1065.812,32,245.891,12,22.728,32
Ohio,2018,11676341,18810,15,11320,13,7490,15,426850,21,14000,13,1410,3,320,18,1610.864,34,969.824,32,641.04,35,36556.658,43,1199.177,31,120.586,12,27.491,34
Ohio,2019,11689100,16470,16,9120,16,7350,15,424980,21,14000,17,1430,5,690,12,1408.748,33,779.786,39,628.962,31,36356.777,45,1198.039,31,121.994,17,58.602,27
Ohio,2020,11798905,12650,15,7970,15,4690,15,183950,22,9550,17,430,10,500,15,1072.218,32,675.147,33,397.071,30,15590.091,44,809.651,34,36.19,21,41.953,27
Ohio,2021,11767344,11930,16,7640,16,4290,15,104930,18,11280,17,450,8,330,13,1013.993,35,649.424,36,364.568,31,8917.05,45,958.925,35,38.496,22,28.299,21
Ohio,2022,11777874,18060,14,8880,15,9180,14,252140,22,15870,15,1130,8,420,14,1533.129,28,753.532,32,779.597,27,21408.023,46,1347.187,29,95.773,15,35.236,27
Ohio,2023,11824034,20330,14,9100,16,11230,14,347510,22,16010,16,2500,8,230,19,1719.464,32,769.534,35,949.93,26,29390.139,45,1354.106,30,211.265,21,19.283,38
Oklahoma,2013,3853214,4650,30,2540,29,2100,28,126350,36,3490,28,300,37,30,35,1206.266,37,660.228,40,546.038,35,32790.548,37,904.959,33,77.857,39,6.488,42
Oklahoma,2014,3878187,4440,31,2300,31,2140,27,114790,36,2470,33,390,33,30,29,1145.123,40,593.834,43,551.289,32,29597.593,41,637.411,44,100.305,38,8.767,35
Oklahoma,2015,3909500,4880,32,2590,31,2290,29,119420,37,3860,27,480,33,40,35,1248.241,40,662.489,43,585.753,34,30545.85,45,986.827,30,122.522,38,9.464,41
Oklahoma,2016,3926331,5960,29,3150,30,2820,28,118890,36,3950,26,530,34,30,37,1517.957,35,801.002,39,716.954,35,30280.942,45,1006.792,32,136.005,39,6.877,44
Oklahoma,2017,3931316,5540,30,3050,30,2490,30,146370,35,3770,25,260,36,20,43,1407.925,38,774.55,37,633.376,36,37232.825,42,958.712,36,66.136,40,5.342,50
Oklahoma,2018,3940235,5940,28,3550,28,2390,31,167100,34,4050,27,90,38,70,37,1507.017,36,900.454,35,606.563,36,42407.623,40,1028.111,35,23.349,40,17.004,43
Oklahoma,2019,3956971,4640,33,2660,32,1980,32,167280,34,3790,32,200,32,140,29,1173.12,40,672.231,43,500.888,36,42275.013,41,957.803,38,49.786,37,35.886,34
Oklahoma,2020,3965415,3030,31,1790,33,1250,29,80950,34,2550,34,100,30,30,38,764.359,42,450.394,44,313.965,35,20414.509,40,643.817,43,25.975,36,8.574,46
Oklahoma,2021,3992238,3700,29,2520,29,1190,27,32600,36,3700,29,30,42,30,39,927.55,37,630.223,37,297.327,35,8164.593,49,925.546,36,6.262,44,6.262,42
Oklahoma,2022,4026229,4630,31,2370,32,2260,30,104880,35,4240,30,70,38,70,32,1150.208,37,589.634,42,560.574,35,26048.941,40,1053.591,38,17.386,44,17.883,38
Oklahoma,2023,4063882,5480,29,3080,29,2400,33,143230,34,4270,31,330,34,180,22,1347.48,37,758.142,36,589.338,37,35244.626,41,1051.704,36,81.941,42,43.8,21
Oregon,2013,3922468,7170,23,3920,23,3250,23,205810,26,5780,21,880,26,90,23,1828.186,25,999.626,30,828.56,24,52468.752,27,1474.582,20,223.074,22,21.67,17
Oregon,2014,3963244,7380,23,4000,24,3380,23,228230,26,4360,23,1020,25,90,20,1861.859,25,1010.283,25,851.575,24,57586.159,26,1100.866,28,257.113,18,23.213,17
Oregon,2015,4015792,8660,22,5270,20,3390,23,259820,25,6130,21,1030,25,150,21,2155.241,23,1312.319,21,842.922,24,64699.815,25,1526.473,21,256.238,19,36.854,18
Oregon,2016,4089976,10030,21,5580,21,4450,22,280770,25,7170,21,1290,24,180,14,2453.071,21,1365.289,21,1087.781,25,68648.569,24,1753.8,17,316.139,19,44.255,13
Oregon,2017,4143625,9220,23,5360,22,3860,23,295630,26,6380,21,1000,23,180,19,2225.346,22,1293.553,20,931.793,25,71344.535,24,1540.197,19,241.093,13,42.958,18
Oregon,2018,4181886,9680,22,6070,20,3610,24,310240,26,7760,20,440,21,390,14,2314.506,21,1452.216,18,862.29,24,74186.384,25,1854.905,17,104.498,15,93.498,14
Oregon,2019,4217737,8520,23,5420,20,3100,24,310200,26,6720,23,560,22,510,15,2020.278,23,1285.049,21,735.228,28,73545.6,25,1592.086,26,131.824,14,119.97,11
Oregon,2020,4243779,5980,23,4050,24,1930,23,126800,27,4400,24,200,22,240,19,1410.064,21,955.045,22,455.019,28,29879.266,25,1036.34,27,45.95,14,56.789,19
Oregon,2021,4254280,6380,23,4710,22,1670,24,63440,26,6420,21,140,27,30,36,1499.901,22,1107.59,20,392.311,27,14912.982,27,1509.539,23,32.438,27,7.757,41
Oregon,2022,4247372,8140,23,4720,22,3430,23,172170,29,9800,20,310,29,160,25,1917.185,21,1110.569,19,806.616,26,40536.36,27,2307.074,19,72.045,25,36.964,25
Oregon,2023,4253653,8670,23,5190,23,3480,23,241830,29,7630,22,840,26,180,20,2037.778,27,1219.422,20,818.355,29,56852.075,27,1793.752,25,198.418,24,43.257,22
Pennsylvania,2013,12776309,24720,10,13460,12,11270,10,505510,16,17810,10,2510,9,280,10,1934.831,23,1053.121,26,881.71,22,39565.965,34,1394.221,22,196.223,27,21.994,16
Pennsylvania,2014,12788313,23940,10,12140,12,11810,10,528080,15,14500,10,2740,8,290,10,1872.335,24,948.991,29,923.343,23,41293.797,35,1133.848,25,214.18,25,22.521,19
Pennsylvania,2015,12784826,24970,10,11570,11,13400,9,573920,15,16550,11,2760,8,370,11,1953.018,26,905.057,32,1047.961,20,44890.482,35,1294.816,24,216.194,28,28.628,22
Pennsylvania,2016,12782275,27220,11,11550,12,15670,9,616590,14,17240,12,3220,9,300,10,2129.277,26,903.595,32,1225.682,21,48238.048,33,1348.664,24,251.833,31,23.235,20
Pennsylvania,2017,12787641,27760,9,11650,11,16120,9,648810,15,14900,12,2150,8,510,11,2171.002,23,910.645,35,1260.358,18,50737.427,34,1165.031,28,167.896,25,39.726,20
Pennsylvania,2018,12800922,26080,10,11280,14,14790,9,691470,16,19010,8,910,8,810,11,2037.197,24,881.499,37,1155.698,17,54016.968,34,1484.815,24,70.776,24,63.355,19
Pennsylvania,2019,12801989,25330,10,12500,10,12830,9,724990,15,21010,10,1090,11,1120,8,1978.521,24,976.411,28,1002.11,17,56631.044,32,1641.464,24,84.987,28,87.565,17
Pennsylvania,2020,12996143,17400,11,9690,10,7710,9,310650,16,12930,14,450,8,650,10,1338.705,26,745.606,31,593.099,20,23903.015,31,994.526,29,34.472,25,49.784,25
Pennsylvania,2021,13015571,17310,11,11480,12,5830,10,159300,15,19690,10,400,10,380,12,1329.638,27,881.944,28,447.695,25,12239.494,31,1513.034,22,30.886,30,28.812,20
Pennsylvania,2022,12984990,28380,10,15150,9,13230,9,440750,15,26750,11,1100,9,600,11,2185.677,18,1166.578,18,1019.1,18,33942.652,30,2059.84,21,84.79,17,45.899,23
Pennsylvania,2023,13017721,33260,8,13710,10,19550,7,605150,16,25420,8,2770,4,430,12,2554.671,18,1053.18,25,1501.492,15,46486.478,32,1952.723,20,212.403,20,32.648,28
Puerto Rico,2013,3593077,2940,39,960,43,1990,30,148820,32,2450,35,0,,10,49,818.797,48,266.346,50,552.451,33,41417.426,33,681.032,43,0,,1.392,52
Puerto Rico,2014,3534874,2710,40,950,44,1760,34,149640,33,2440,34,0,,0,,766.364,47,268.185,49,498.179,35,42331.919,34,689.982,39,0,,0,
Puerto Rico,2015,3473232,3320,38,960,44,2370,27,179250,30,2830,34,0,,10,47,956.458,45,275.248,50,681.21,31,51609.279,30,813.651,39,0,,2.591,51
Puerto Rico,2016,3406672,3580,38,910,45,2670,30,196840,30,2510,36,0,,10,48,1051.173,46,267.416,52,783.756,31,57781.025,29,737.964,43,0,,2.055,52
Puerto Rico,2017,3325286,3300,38,810,45,2490,31,186470,33,2650,35,0,,10,49,991.794,47,243.588,51,748.206,32,56077.582,29,797.225,40,0,,2.406,52
Puerto Rico,2018,3193354,3060,38,580,49,2480,29,104640,39,1790,41,0,,10,50,958.866,47,181.94,52,776.926,26,32768.055,47,561.165,47,0,,2.192,52
Puerto Rico,2019,3193694,2560,39,790,47,1770,35,129260,39,1130,45,0,,10,50,800.014,47,246.736,52,553.278,35,40473.508,42,352.883,50,0,,3.444,52
Puerto Rico,2020,3281590,1690,40,770,43,920,36,70870,35,1190,41,0,,10,47,514.69,48,234.642,50,280.047,38,21596.848,36,361.715,48,0,,4.266,51
Puerto Rico,2021,3262711,1330,43,650,45,680,39,30830,37,1170,44,0,,10,45,406.41,49,199.527,51,206.883,47,9450.117,43,359.823,49,0,,3.371,47
Puerto Rico,2022,3220137,1960,43,740,45,1220,39,82970,38,1470,43,0,,20,44,608.049,49,228.251,52,379.798,44,25764.742,41,456.502,49,0,,7.453,46
Puerto Rico,2023,3203792,2450,41,720,45,1730,36,125870,35,1250,45,0,,10,51,764.095,48,223.797,52,540.297,38,39288.443,38,390.163,50,0,,1.561,52
Rhode Island,2013,1055081,3340,37,1500,39,1840,31,54680,44,2820,31,170,40,20,40,3162.79,13,1418.848,15,1743.942,9,51821.614,28,2668.989,10,162.073,35,15.165,27
Rhode Island,2014,1055936,3300,37,1330,40,1970,31,57540,43,2480,32,190,39,20,39,3122.348,14,1257.652,21,1864.696,9,54490.992,28,2347.68,9,178.041,32,15.152,22
Rhode Island,2015,1056065,3610,37,1310,40,2300,28,63240,43,2730,35,190,40,40,34,3418.35,12,1236.666,23,2181.684,6,59882.678,27,2583.174,10,175.179,33,35.983,19
Rhode Island,2016,1056770,4190,36,1480,40,2720,29,67120,43,2740,34,340,40,30,36,3968.697,9,1399.548,19,2569.149,6,63512.401,27,2589.021,10,318.896,17,27.442,17
Rhode Island,2017,1055673,4100,35,1420,39,2680,27,70980,43,3420,29,200,39,30,42,3885.673,10,1344.166,18,2541.507,6,67237.677,27,3234.903,6,193.242,20,26.523,28
Rhode Island,2018,1058287,4340,35,1790,37,2540,27,76650,43,3050,34,90,39,60,39,4097.187,6,1693.302,13,2403.885,6,72428.368,26,2878.236,6,81.263,19,53.861,25
Rhode Island,2019,1059361,3450,37,1430,39,2010,30,67210,43,2310,38,90,41,80,37,3251.96,12,1352.702,18,1899.258,6,63439.186,27,2182.448,17,84.013,29,76.461,22
Rhode Island,2020,1096530,2290,37,1150,39,1140,31,25070,46,1480,38,60,33,70,35,2090.23,14,1049.675,16,1040.555,7,22864.855,32,1346.064,21,54.718,10,61.102,18
Rhode Island,2021,1097246,2220,38,1350,38,870,36,18610,44,2980,31,50,35,40,33,2021.425,14,1230.353,19,791.071,8,16963.379,24,2714.979,9,42.835,19,38.278,16
Rhode Island,2022,1099498,3380,36,1580,37,1800,34,45880,43,3010,36,70,37,110,30,3075.04,12,1435.2,13,1639.839,7,41730.863,26,2741.251,14,65.484,31,100.046,11
Rhode Island,2023,1103429,4510,35,1820,36,2690,29,61690,43,2880,37,190,38,80,33,4085.446,9,1651.216,11,2434.23,5,55908.445,28,2612.764,13,173.097,29,73.408,9
South Carolina,2013,4764080,4270,32,2480,32,1790,33,131490,34,4770,24,150,41,40,30,895.451,47,519.513,45,375.938,44,27600.292,41,1001.243,30,31.066,42,8.396,40
South Carolina,2014,4823617,4230,33,2190,33,2040,30,153560,31,4490,22,120,42,10,41,877.557,46,454.223,46,423.334,42,31834.202,39,930.008,32,25.085,43,2.902,46
South Carolina,2015,4891938,4420,34,2180,33,2240,31,170650,33,4610,25,230,38,30,41,902.914,48,445.631,47,457.283,41,34883.721,39,942.571,32,46.198,40,5.11,45
South Carolina,2016,4957968,5100,34,2630,33,2470,34,181280,32,4160,25,350,38,20,42,1029.454,47,531.064,46,498.39,45,36562.761,39,838.852,37,70.593,40,3.429,48
South Carolina,2017,5021268,5030,33,2690,32,2330,33,204080,31,5030,24,240,37,40,40,1001.142,46,536.319,44,464.823,45,40643.12,40,1002.336,34,48.195,41,7.966,47
South Carolina,2018,5084156,5080,33,2820,33,2250,33,228060,30,3900,29,100,37,20,48,998.789,45,555.451,44,443.338,45,44857.2,39,766.499,42,19.669,42,3.54,51
South Carolina,2019,5148714,4680,32,2720,31,1960,33,227960,30,4000,30,190,33,20,45,907.994,46,528.093,46,379.901,44,44274.357,40,775.922,44,36.708,40,4.467,50
South Carolina,2020,5132249,3710,30,2520,29,1180,30,101830,30,3440,30,60,35,30,39,721.906,44,491.792,42,230.114,44,19841.789,41,669.492,41,11.106,42,6.625,49
South Carolina,2021,5194274,4380,28,3210,28,1170,28,56710,28,2540,35,100,29,20,42,842.851,41,618.181,39,224.67,44,10918.369,35,489.77,46,19.059,36,3.273,49
South Carolina,2022,5287935,5850,28,3290,28,2570,26,148510,31,4790,27,320,28,40,40,1107.048,39,621.982,39,485.066,39,28083.742,37,905.647,41,60.137,33,7.753,45
South Carolina,2023,5387830,6500,28,3740,28,2750,28,194240,30,4660,28,680,29,90,32,1205.866,39,694.714,38,511.152,42,36051.249,40,865.283,43,126.767,35,16.148,41
South Dakota,2013,842316,1230,47,940,44,290,48,14890,52,460,49,530,30,10,44,1461.447,32,1119.532,24,341.914,49,17671.515,50,550.862,45,632.779,1,10.685,34
South Dakota,2014,849129,1110,48,770,46,340,48,16830,52,680,47,520,31,0,,1304.867,34,906.812,32,398.055,46,19821.488,50,796.11,34,615.925,2,0,
South Dakota,2015,853988,1270,48,900,46,370,48,19650,52,540,49,480,32,10,46,1481.285,34,1050.366,26,430.919,44,23007.349,50,634.669,45,566.753,3,11.71,38
South Dakota,2016,862996,1230,48,740,47,490,48,19580,52,650,48,430,36,10,49,1424.109,39,859.795,35,564.313,40,22686.084,50,749.714,41,493.629,7,8.111,41
South Dakota,2017,872868,1020,48,540,48,470,48,20580,52,630,48,310,34,10,48,1165.125,42,622.087,43,543.037,39,23576.302,50,724.05,43,359.734,7,11.456,42
South Dakota,2018,878698,1130,48,730,46,400,48,21090,52,630,48,210,30,20,46,1288.27,41,828.499,38,459.771,43,24005.972,50,711.28,43,240.128,1,22.761,39
South Dakota,2019,884659,1200,48,800,46,400,48,22890,52,780,47,130,37,20,47,1355.324,35,904.303,31,451.021,40,25872.116,50,881.696,42,145.819,11,16.956,43
South Dakota,2020,887948,890,47,700,45,190,48,9690,52,830,45,50,36,10,48,996.68,35,788.334,28,208.346,46,10911.675,51,939.244,30,56.31,9,14.64,41
South Dakota,2021,896492,680,48,490,47,190,48,7640,51,960,46,50,34,10,46,759.628,43,547.69,42,211.937,46,8522.106,46,1070.841,32,56.888,9,11.155,36
South Dakota,2022,909723,680,48,370,48,320,48,16080,52,650,50,60,40,20,45,750.778,46,403.42,46,347.358,46,17679.008,50,715.602,46,67.053,30,16.489,39
South Dakota,2023,918305,1010,48,520,47,490,48,21090,52,970,48,200,37,10,50,1095.497,43,564.083,45,531.414,40,22970.582,50,1050.849,37,219.97,18,7.623,48
Tennessee,2013,6494340,8380,21,4610,21,3770,22,180620,28,5000,22,1560,17,100,20,1290.354,36,709.541,37,580.813,31,27811.294,40,770.517,39,239.901,20,16.014,26
Tennessee,2014,6541223,8510,21,4510,22,3990,21,201540,27,4610,21,1470,18,80,21,1300.521,35,689.932,39,610.589,31,30810.141,40,705.22,37,224.27,23,12.689,25
Tennessee,2015,6591170,8830,21,4810,22,4030,22,241000,27,5380,22,1530,18,120,23,1340.126,36,729.006,39,611.121,33,36563.463,38,816.395,38,232.129,27,18.054,27
Tennessee,2016,6646010,10030,22,5080,23,4950,21,270680,26,5370,22,1960,16,140,20,1509.477,36,764.218,41,745.259,34,40727.895,37,808.154,38,294.763,22,20.463,23
Tennessee,2017,6708799,9790,22,5090,24,4710,21,326780,24,3650,26,1050,20,540,10,1459.725,36,758.258,40,701.467,34,48709.016,35,543.316,45,156.213,31,80.64,9
Tennessee,2018,6771631,9590,23,5230,23,4360,21,378720,23,5520,23,420,23,1390,6,1416.202,38,772.34,43,643.863,34,55927.885,32,814.87,40,62.023,30,205.711,4
Tennessee,2019,6829174,9510,21,5370,22,4130,21,400280,23,6720,22,650,19,500,16,1392.116,34,786.918,38,605.198,32,58613.824,29,984.014,35,95.033,25,73.362,24
Tennessee,2020,6927904,6700,21,4410,22,2290,21,179630,23,7450,20,180,25,200,20,967.681,36,636.845,38,330.836,33,25928.044,28,1075.217,25,26.126,34,28.869,32
Tennessee,2021,6965740,7280,21,4650,23,2630,19,75300,22,4630,25,320,14,70,27,1044.684,33,667.84,34,376.844,29,10810.05,36,663.964,44,45.221,18,9.475,40
Tennessee,2022,7062217,10820,19,5330,19,5500,17,257260,21,6720,23,500,22,210,22,1532.238,29,754.013,31,778.226,28,36427.796,28,951.118,40,70.799,28,30.019,29
Tennessee,2023,7148304,12360,19,5720,22,6640,18,423410,20,6560,24,1100,23,330,15,1728.942,30,800.05,32,928.892,27,59231.952,25,917.56,41,154.162,32,46.165,19
Texas,2013,26480266,92670,4,53130,4,39540,3,7605580,3,57950,4,7470,1,810,6,3499.738,10,2006.513,8,1493.225,12,287216.828,8,2188.309,14,281.946,14,30.4,13
Texas,2014,26964333,95300,4,52290,4,43000,3,5248780,4,52880,4,7210,1,850,5,3534.113,10,1939.303,9,1594.81,12,194656.363,9,1961.072,14,267.353,16,31.634,13
Texas,2015,27470056,99730,4,53280,3,46440,3,5064470,4,65470,4,7480,1,1120,4,3630.389,10,1939.676,8,1690.714,13,184363.403,9,2383.213,12,272.26,16,40.626,14
Texas,2016,27914410,110650,4,56490,4,54160,3,5167690,4,63950,4,7800,2,890,4,3963.938,10,2023.686,8,1940.252,13,185126.177,10,2290.752,14,279.533,26,31.776,15
Texas,2017,28295273,110130,4,59910,3,50220,3,7530880,4,50550,4,4770,2,1140,4,3892.028,9,2117.209,8,1774.819,14,266153.255,9,1786.588,15,168.403,24,40.431,19
Texas,2018,28628666,104520,4,58190,3,46320,3,8946050,3,64690,4,1670,1,2270,4,3650.711,10,2032.683,8,1618.029,13,312485.779,9,2259.449,10,58.298,31,79.326,16
Texas,2019,28995881,107960,4,68550,3,39410,3,9461550,3,97680,2,2430,1,2480,5,3723.115,7,2364.06,6,1359.055,13,326306.726,9,3368.582,5,83.908,30,85.598,18
Texas,2020,29239570,74570,3,50580,2,23990,3,4634080,3,66940,3,910,3,1480,5,2550.14,8,1729.745,7,820.395,13,158486.496,9,2289.432,8,30.951,30,50.616,23
Texas,2021,29570351,78870,3,55900,3,22980,3,2002630,2,77030,4,930,2,750,6,2667.3,9,1890.306,8,776.994,9,67724.323,4,2604.805,11,31.417,28,25.262,23
Texas,2022,30113488,109720,4,62870,2,46850,4,5766530,3,106120,2,2110,2,1620,5,3643.55,9,2087.868,8,1555.682,10,191493.194,9,3524.102,9,70.035,29,53.83,20
Texas,2023,30727890,126930,4,74010,3,52910,4,8473460,3,100290,2,5050,1,2260,2,4130.612,6,2408.691,7,1721.921,11,275758.049,9,3263.843,10,164.346,30,73.484,8
Utah,2013,2897640,5500,27,3700,25,1800,32,157970,29,3030,30,1190,22,20,39,1899.132,24,1277.246,21,621.885,29,54516.434,26,1044.298,29,410.334,8,6.212,44
Utah,2014,2936879,6170,25,4290,23,1870,32,166270,29,4310,24,1090,23,30,30,2099.508,21,1461.756,14,637.752,30,56615.203,27,1468.906,19,369.44,10,10.215,30
Utah,2015,2981835,6880,24,4750,24,2130,32,187600,29,4840,23,1110,24,30,36,2308.31,21,1593.65,14,714.661,29,62913.273,26,1622.491,20,371.919,9,10.061,40
Utah,2016,3041868,7270,24,4610,25,2670,31,209120,29,3780,28,1190,25,20,41,2390.308,22,1513.872,15,876.435,28,68745.915,23,1241.014,27,391.864,12,5.917,46
Utah,2017,3101042,6390,27,4090,26,2300,34,240830,29,3140,33,710,25,40,39,2060.598,26,1317.944,19,742.654,33,77659.703,21,1012.885,33,230.245,14,13.221,41
Utah,2018,3153550,5720,29,3470,29,2260,32,258450,29,3410,32,320,28,210,23,1814.78,31,1099.396,28,715.384,31,81953.988,21,1080.687,34,101.473,16,65.64,18
Utah,2019,3205958,6840,26,4930,24,1910,34,257890,29,5370,26,460,26,390,20,2132.904,22,1538.698,13,594.206,33,80441.478,21,1673.447,21,144.419,12,120.089,10
Utah,2020,3284077,5420,25,4380,23,1040,35,118530,28,5230,22,190,24,330,18,1650.692,19,1334.622,11,316.071,34,36092.333,22,1591.315,17,56.941,8,100.485,6
Utah,2021,3339738,5550,24,4340,24,1210,26,65490,25,3960,27,180,25,220,16,1662.406,20,1299.803,16,362.603,32,19608.125,21,1186.021,29,54.795,11,66.472,8
Utah,2022,3391011,6050,27,3710,25,2340,28,176680,28,4790,28,450,25,440,12,1785.013,24,1094.954,20,690.06,31,52102.456,20,1411.673,27,133.294,8,130.05,6
Utah,2023,3443222,7330,25,4760,24,2570,30,249190,27,6650,23,890,24,110,29,2129.691,24,1383.588,18,746.104,34,72370.588,20,1931.911,22,258.479,11,31.076,30
Vermont,2013,626210,840,49,610,48,230,50,65970,42,500,48,320,36,0,,1338.209,33,972.517,32,365.692,45,105340.062,16,792.067,37,514.205,5,0,
Vermont,2014,625214,790,49,620,49,180,52,57280,44,550,48,320,37,10,46,1265.167,37,983.663,26,281.504,49,91618.23,17,882.898,33,507.026,5,11.196,28
Vermont,2015,625216,790,49,540,49,250,51,55020,44,570,47,310,37,0,,1266.762,39,863.702,36,403.061,47,87993.589,17,911.685,33,499.028,5,0,
Vermont,2016,623657,890,50,620,49,270,50,53970,46,590,49,390,37,0,,1420.653,40,994.136,30,426.516,49,86533.142,17,944.429,33,618.93,4,0,
Vermont,2017,624344,790,49,530,49,250,50,58250,46,760,46,240,38,20,46,1260.523,40,853.696,36,406.827,47,93296.324,17,1217.278,27,376.395,4,27.229,27
Vermont,2018,624358,820,49,620,47,200,51,61690,45,690,47,130,35,30,43,1319.756,39,994.622,30,325.134,48,98808.696,18,1109.94,33,213.019,3,49.651,28
Vermont,2019,623989,650,50,460,50,190,50,62050,44,610,49,110,39,20,48,1038.48,43,735.59,40,302.89,47,99434.445,18,983.992,36,182.696,6,24.039,40
Vermont,2020,642977,500,51,360,51,130,50,27250,45,390,49,20,42,10,51,769.856,40,566.117,40,203.74,47,42377.877,20,608.109,44,35.771,22,10.887,45
Vermont,2021,647210,420,50,270,50,160,50,12960,48,590,49,50,36,0,,653.575,45,414.085,46,239.49,41,20027.503,19,913.15,37,72.619,4,0,
Vermont,2022,648142,520,50,310,50,220,50,37200,46,710,48,90,35,0,,806.922,45,470.576,44,336.346,47,57387.116,19,1089.267,37,140.401,6,0,
Vermont,2023,648708,640,50,360,51,280,50,55200,46,750,49,320,35,50,39,983.493,46,556.491,46,427.003,47,85098.38,18,1159.227,34,491.747,2,83.242,6
Virginia,2013,8252427,27860,8,15340,7,12520,8,471690,17,22280,7,1470,19,1120,4,3376.098,11,1858.968,10,1517.129,11,57157.731,24,2699.691,9,178.372,31,135.839,5
Virginia,2014,8310993,28480,8,13790,8,14680,8,506690,16,19650,8,1310,20,850,6,3426.426,11,1659.729,11,1766.696,10,60965.88,24,2363.857,8,157.623,36,102.034,6
Virginia,2015,8361808,27620,8,12780,10,14850,8,546390,16,18390,9,1310,22,900,6,3303.353,13,1528.019,17,1775.334,11,65343.643,23,2199.405,13,156.904,34,107.154,8
Virginia,2016,8410106,29240,9,12550,10,16690,8,569840,16,20440,9,1470,22,760,6,3477.007,14,1492.49,17,1984.517,12,67756.697,25,2430.053,13,174.909,35,90.13,7
Virginia,2017,8463587,29470,8,11590,12,17870,8,585220,17,21930,8,1040,21,900,6,3481.503,13,1369.868,17,2111.634,9,69145.505,26,2591.1,9,123.234,34,106.102,6
Virginia,2018,8501286,27430,8,12350,10,15080,8,585380,17,18120,9,430,22,940,9,3226.1,15,1452.251,17,1773.849,10,68857.7,27,2131.207,11,50.698,34,111.042,11
Virginia,2019,8535519,24780,11,11240,12,13540,8,591560,17,23350,8,550,23,1200,7,2903.631,15,1317.085,20,1586.547,9,69305.452,26,2735.042,11,64.202,35,140.472,8
Virginia,2020,8637615,18180,10,9180,11,9000,7,247320,18,17360,10,240,19,770,8,2105.095,13,1063.256,15,1041.839,6,28633.367,26,2009.814,12,28.249,32,89.608,9
Virginia,2021,8658910,20430,9,12830,10,7600,7,152930,16,20730,8,270,18,630,7,2359.188,11,1481.942,12,877.247,7,17661.345,23,2394.297,15,31.413,29,73.104,7
Virginia,2022,8683414,28900,9,14760,10,14140,8,381920,17,27320,9,640,15,1690,4,3328.414,10,1699.907,10,1628.507,8,43982.47,25,3146.689,11,73.243,22,194.854,4
Virginia,2023,8734685,29600,10,12890,11,16700,9,514310,18,23940,10,1380,20,1940,3,3388.216,13,1476.069,14,1912.147,9,58881.001,26,2740.568,11,157.991,31,222.446,1
Washington,2013,6963985,22990,12,13560,10,9440,12,1415060,8,17590,12,2410,11,360,9,3301.845,12,1946.874,9,1354.971,15,203197.307,10,2525.709,12,346.641,11,51.12,9
Washington,2014,7054655,22710,12,13020,10,9690,12,1141460,10,12250,12,2480,11,320,9,3219.151,12,1845.732,10,1373.419,15,161801.817,12,1735.875,15,351.966,11,45.077,10
Washington,2015,7163657,24770,11,14530,7,10240,12,1174100,10,14340,12,2620,10,590,8,3457.033,11,2027.596,7,1429.438,15,163896.038,12,2001.91,16,365.875,10,82.919,10
Washington,2016,7294771,27300,10,15050,9,12260,12,1225590,11,21660,8,3230,8,600,7,3742.955,12,2062.847,7,1680.108,15,168009.798,11,2968.565,8,442.783,10,82.251,8
Washington,2017,7423362,27360,10,14130,8,13240,11,1364520,10,16030,11,2920,4,670,8,3686.066,12,1902.777,9,1783.289,13,183814.288,12,2159.399,12,393.353,3,90.525,8
Washington,2018,7523869,26030,11,14660,8,11370,12,1508850,9,14750,11,1540,2,840,10,3459.523,12,1947.934,9,1511.589,15,200541.902,11,1959.763,14,204.283,5,111.246,10
Washington,2019,7614893,25570,9,15250,8,10320,12,1520810,9,18510,12,1950,2,850,10,3357.894,11,2002.392,9,1355.502,14,199715.479,11,2430.763,14,255.421,3,111.755,12
Washington,2020,7727209,21550,8,15170,7,6380,13,625320,9,15970,11,1120,2,520,14,2788.717,6,1962.804,4,825.913,12,80923.785,12,2066.594,11,144.425,1,67.295,14
Washington,2021,7743760,22150,8,16780,7,5360,12,243100,11,19510,11,480,7,320,14,2859.722,7,2167.164,6,692.558,13,31393.406,14,2519.577,13,61.985,7,41.453,14
Washington,2022,7794123,31840,8,21710,6,10130,13,829310,10,31040,7,1240,5,640,10,4084.488,6,2785.175,2,1299.312,14,106401.708,12,3982.616,5,159.479,4,81.985,14
Washington,2023,7857320,32190,9,19990,6,12200,12,1462060,8,26280,7,2440,10,480,10,4096.562,8,2543.615,6,1552.947,14,186075.787,10,3344.27,8,310.411,7,61.09,12
West Virginia,2013,1853914,760,50,480,50,280,49,17590,51,440,50,30,44,30,32,409.944,52,257.833,51,152.111,52,9488.035,52,238.954,52,13.485,45,17.8,23
West Virginia,2014,1849489,780,50,410,50,370,47,19230,51,420,50,30,45,20,37,423.36,52,222.764,52,200.596,51,10396.385,52,224.386,52,15.139,45,9.192,32
West Virginia,2015,1842050,790,50,420,50,370,49,20490,51,500,50,30,44,10,45,426.699,52,227.464,52,199.235,51,11125.648,52,271.98,51,16.829,44,5.972,42
West Virginia,2016,1831023,930,49,530,50,400,49,21850,51,500,50,30,45,10,46,506.821,52,288.91,50,217.911,52,11933.22,52,270.341,52,13.654,45,5.461,47
West Virginia,2017,1817004,780,50,410,50,370,49,23580,51,560,50,10,47,10,50,427.077,52,222.894,52,204.182,51,12978.507,52,308.2,50,7.155,47,3.852,51
West Virginia,2018,1804291,680,50,360,50,320,49,24360,51,570,49,0,,10,49,374.108,52,197.307,51,176.801,52,13503.365,52,317.576,52,0,,6.097,49
West Virginia,2019,1792147,820,49,480,49,340,49,38130,50,490,50,0,,10,52,455.878,52,267.277,51,188.601,51,21278.388,51,274.531,52,0,,3.906,51
West Virginia,2020,1791646,550,49,390,50,150,49,11770,51,320,50,0,,10,50,305.306,52,219.351,51,85.954,52,6569.378,52,177.49,52,0,,4.465,50
West Virginia,2021,1785618,490,49,310,49,180,49,8210,50,490,50,0,,0,,276.655,52,174.169,52,102.486,52,4595.048,52,272.175,52,0,,0,
West Virginia,2022,1774122,810,47,540,46,270,49,17230,51,660,49,10,47,10,48,458.819,51,304.376,50,154.443,51,9710.719,52,372.015,50,7.328,45,5.073,49
West Virginia,2023,1770495,770,49,440,49,330,49,23550,51,570,50,0,,10,49,435.471,52,249.648,51,185.824,51,13302.495,52,320.249,52,0,,4.519,50
Wisconsin,2013,5736754,5920,26,3590,26,2330,26,157130,30,4530,25,940,24,50,26,1031.594,42,625.266,42,406.327,42,27389.705,43,789.994,38,164.204,33,9.239,38
Wisconsin,2014,5751525,6000,26,3620,27,2380,26,165410,30,3770,27,1130,22,20,33,1042.68,42,628.703,41,413.977,43,28760.025,44,655.478,41,196.296,30,3.825,42
Wisconsin,2015,5760940,6660,26,3990,26,2670,25,178070,31,3740,28,1420,21,30,37,1155.193,41,691.901,41,463.292,40,30910.233,44,648.852,43,245.62,25,5.207,44
Wisconsin,2016,5772628,7110,25,4030,26,3080,27,190160,31,3830,27,1690,19,40,30,1231.848,43,698.122,42,533.726,42,32940.976,43,662.61,45,292.934,23,7.622,43
Wisconsin,2017,5790186,6680,26,3810,27,2870,26,208650,30,3170,31,940,24,90,28,1153.849,43,657.665,42,496.184,44,36035.285,44,546.615,44,162.689,26,14.68,39
Wisconsin,2018,5807406,7430,26,4670,26,2760,25,221710,31,4720,25,400,24,110,33,1279.917,42,804.662,40,475.255,41,38176.597,42,811.894,41,69.566,26,18.597,40
Wisconsin,2019,5822434,7140,24,4830,25,2310,27,225040,31,5690,24,600,21,230,23,1225.948,39,829.378,36,396.57,43,38650.159,43,977.598,37,102.363,24,39.159,33
Wisconsin,2020,5897375,4530,26,3230,26,1290,27,89800,33,3560,27,250,17,200,22,767.291,41,547.871,41,219.42,45,15226.775,47,602.98,45,42.392,17,33.235,30
Wisconsin,2021,5881608,5030,25,3650,25,1380,25,49930,29,5030,24,370,12,140,21,854.358,39,620.409,38,233.95,43,8489.005,47,855.038,39,63.078,6,24.483,24
Wisconsin,2022,5903975,6110,26,3640,26,2470,27,131340,32,6130,25,650,14,140,28,1034.727,42,616.703,40,418.023,43,22245.352,44,1037.437,39,109.248,11,22.866,33
Wisconsin,2023,5930405,6820,27,3880,27,2940,27,178150,31,5210,26,1390,19,80,34,1149.669,41,653.581,40,496.088,43,30040.444,43,878.018,42,234.891,15,12.815,43
Wyoming,2013,582122,520,51,300,51,230,51,22860,50,240,52,0,,10,46,896.719,46,506.767,46,389.953,43,39263.247,35,415.72,48,0,,10.307,35
Wyoming,2014,582531,410,52,220,52,190,51,24840,50,220,52,0,,10,48,710.692,49,377.662,48,333.029,48,42643.224,33,372.512,48,0,,8.583,36
Wyoming,2015,585613,540,51,280,52,260,50,26310,50,260,51,0,,0,,920.403,47,478.131,46,442.272,43,44920.451,34,438.856,49,0,,0,
Wyoming,2016,584215,460,52,230,52,230,52,27940,50,230,52,0,,0,,790.805,49,397.114,48,393.691,50,47828.282,34,398.826,49,0,,0,
Wyoming,2017,578931,440,52,240,52,210,52,31340,50,250,52,0,,10,52,766.931,49,412.83,47,354.101,49,54139.44,33,426.648,48,0,,8.637,46
Wyoming,2018,577601,410,52,230,52,180,52,31420,50,260,52,0,,10,52,708.101,49,405.124,48,302.977,49,54395.681,33,443.213,49,0,,8.656,48
Wyoming,2019,578759,410,52,270,52,140,52,31970,51,330,52,0,,10,51,708.412,49,464.788,47,243.625,50,55237.154,34,570.186,48,0,,17.278,42
Wyoming,2020,577681,240,52,170,52,70,52,12090,50,210,52,0,,0,,417.185,50,289.087,49,128.098,50,20935.43,38,360.06,49,0,,0,
Wyoming,2021,579636,280,52,190,52,90,52,5830,52,230,52,0,,0,,483.062,48,327.792,48,155.27,49,10052.861,38,391.625,48,0,,0,
Wyoming,2022,581978,360,52,200,52,160,52,17480,50,300,52,0,,0,,613.425,48,336.782,48,276.643,49,30032.063,36,512.047,48,0,,0,
Wyoming,2023,585067,400,52,250,52,140,52,25130,50,330,52,0,,10,52,675.136,49,430.72,48,244.416,50,42955.764,36,569.166,48,0,,8.546,47
